{
  "iframes": [
    {
      "id": "hindi",
      "name": "Star Sports Hindi",
      "type": "iframe",
      "iframeSrc": "https://allrounderlive.pages.dev/player?url=https://dillzy.cricketstream745.workers.dev/live.m3u8",
      "hit": "https://dillzycounter.vercel.app/api/hit?key=hindi",
      "get": "https://dillzycounter.vercel.app/api/get?key=hindi"
    },
    {
      "id": "tnt",
      "name": "TNT Sports",
      "type": "iframe",
      "iframeSrc": "https://cricketstan.github.io/TNT-1/",
      "hit": "https://dillzycounter.vercel.app/api/hit?key=tnt",
      "get": "https://dillzycounter.vercel.app/api/get?key=tnt"
    },
    {
      "id": "asiacup",
      "name": "Asia Cup",
      "type": "iframe",
      "iframeSrc": "https://allrounderlive.pages.dev/player?url=https://d3ssd0juqbxbw.cloudfront.net/mtvsinstlive/master.m3u8",
      "hit": "https://dillzycounter.vercel.app/api/hit?key=asiacup",
      "get": "https://dillzycounter.vercel.app/api/get?key=asiacup"
    },
    {
      "id": "willow",
      "name": "Willow",
      "type": "iframe",
      "iframeSrc": "https://crickettv.site/willow",
      "hit": "https://dillzycounter.vercel.app/api/hit?key=willow",
      "get": "https://dillzycounter.vercel.app/api/get?key=willow"
    },
    
    {
      "id": "willow-2",
      "name": "Willow",
      "type": "iframe",
      "iframeSrc": "https://allrounderlive.pages.dev/willow2",
      "hit": "https://dillzycounter.vercel.app/api/hit?key=willow",
      "get": "https://dillzycounter.vercel.app/api/get?key=willow"
    },
    {
      "id": "prime-hin",
      "name": "Prime Hindi",
      "type": "iframe",
      "iframeSrc": "https://hff-eight.vercel.app/",
      "hit": "https://dillzycounter.vercel.app/api/hit?key=prime-hin",
      "get": "https://dillzycounter.vercel.app/api/get?key=prime-hin"
    },
    {
      "id": "alt",
      "name": "DILLZY",
      "type": "iframe",
      "iframeSrc": "https://allrounderlive.pages.dev/player?url=https://dillzy.cricketstream745.workers.dev/live.m3u8",
      "hit": "https://dillzycounter.vercel.app/api/hit?key=alt",
      "get": "https://dillzycounter.vercel.app/api/get?key=alt"
    },
    {
      "id": "prime-eng",
      "name": "Prime English",
      "type": "iframe",
      "iframeSrc": "https://prime-english.vercel.app/",
      "hit": "https://dillzycounter.vercel.app/api/hit?key=prime-eng",
      "get": "https://dillzycounter.vercel.app/api/get?key=prime-eng"
    },
    {
      "id": "sky-sports-nz",
      "name": "Sky Nz",
      "type": "iframe",
      "iframeSrc": "https://cricketstan.github.io/Sky-sports-nz-/",
      "hit": "https://dillzycounter.vercel.app/api/hit?key=sky-sports-nz",
      "get": "https://dillzycounter.vercel.app/api/get?key=sky-sports-nz"
    },
    {
      "id": "willow-sports",
      "name": "Willow",
      "type": "iframe",
      "iframeSrc": "https://cricketstan.github.io/Willow-Sports/",
      "hit": "https://dillzycounter.vercel.app/api/hit?key=willow-sports",
      "get": "https://dillzycounter.vercel.app/api/get?key=willow-sports"
    },
    {
      "id": "hotstar",
      "name": "Hotstar",
      "type": "iframe",
      "iframeSrc": "https://allrounderlive.pages.dev/dilz?id=854576",
      "hit": "https://dillzycounter.vercel.app/api/hit?key=icc-tv",
      "get": "https://dillzycounter.vercel.app/api/get?key=icc-tv"
    },
    {
      "id": "fox",
      "name": "Fox Cricket 501",
      "type": "iframe",
      "iframeSrc": "https://allrounderlive.pages.dev/fox-501",
      "hit": "https://dillzycounter.vercel.app/api/hit?key=fox",
      "get": "https://dillzycounter.vercel.app/api/get?key=fox"
    },
    {
      "id": "channel-7",
      "name": "7 plus Cricket",
      "type": "iframe",
      "iframeSrc": "https://allrounderlive.pages.dev/player?url=https://hugh.cdn.rumble.cloud/live/gi29le7p/slot-139/bx1o-9vac_720p/chunklist.m3u8",
      "hit": "https://dillzycounter.vercel.app/api/hit?key=channel-7",
      "get": "https://dillzycounter.vercel.app/api/get?key=channel-7"
    },
    {
      "id": "ios",
      "name": "Appel Wale",
      "type": "iframe",
      "iframeSrc": "https://allrounderlive.pages.dev/player4?url=https://amg01269-amg01269c1-sportstribal-emea-5204.playouts.now.amagi.tv/playlist/amg01269-willowtvfast-willowplus-sportstribalemea/playlist.m3u8",
      "hit": "https://dillzycounter.vercel.app/api/hit?key=ios",
      "get": "https://dillzycounter.vercel.app/api/get?key=ios"
    },
    {
      "id": "eng",
      "name": "Star Sports Select",
      "type": "iframe",
      "iframeSrc": "https://cricketstan.github.io/Channel-14/",
      "hit": "https://dillzycounter.vercel.app/api/hit?key=eng",
      "get": "https://dillzycounter.vercel.app/api/get?key=eng"
    },
    {
      "id": "fox-hd",
      "name": "Fox Cricket",
      "type": "iframe",
      "iframeSrc": "https://cricketstan.github.io/Fox-Cricket-/",
      "hit": "https://dillzycounter.vercel.app/api/hit?key=fox-hd",
      "get": "https://dillzycounter.vercel.app/api/get?key=fox-hd"
    },
    {
      "id": "zee",
      "name": "Zee Cenena",
      "type": "iframe",
      "iframeSrc": "https://zee-seven.vercel.app/",
      "hit": "https://dillzycounter.vercel.app/api/hit?key=astro",
      "get": "https://dillzycounter.vercel.app/api/get?key=astro"
    },
    {
      "id": "jio-hotstar",
      "name": "Jio Hotstar",
      "type": "iframe",
      "iframeSrc": "https://allrounderlive.pages.dev/player?url=https://dillzy.cricketstream745.workers.dev/live.m3u8",
      "hit": "https://dillzycounter.vercel.app/api/hit?key=jio-hotstar",
      "get": "https://dillzycounter.vercel.app/api/get?key=jio-hotstar"
    },
    {
      "id": "sky-uk",
      "name": "SKY",
      "type": "iframe",
      "iframeSrc": "https://allrounderlive.pages.dev/dilz?id=dillzy745",
      "hit": "https://dillzycounter.vercel.app/api/hit?key=sky",
      "get": "https://dillzycounter.vercel.app/api/get?key=sky"
    },
    {
      "id": "sky-nz-1",
      "name": "SKY NZ",
      "type": "iframe",
      "iframeSrc": "https://allrounderlive.pages.dev/player4?url=https://test-streams.mux.dev/x36xhzz/x36xhzz.m3u8",
      "hit": "https://dillzycounter.vercel.app/api/hit?key=sky-nz-1",
      "get": "https://dillzycounter.vercel.app/api/get?key=sky-nz-1"
    },
    {
      "id": "tnt-1",
      "name": "TNT Sports 1",
      "type": "iframe",
      "iframeSrc": "https://cricketstan.github.io/TNT-1/",
      "hit": "https://dillzycounter.vercel.app/api/hit?key=tnt-1",
      "get": "https://dillzycounter.vercel.app/api/get?key=tnt-1"
    },
    {
      "id": "prime-nz",
      "name": "PRIME",
      "type": "iframe",
      "iframeSrc": "https://hff-cricketstan.wasmer.app/",
      "hit": "https://dillzycounter.vercel.app/api/hit?key=prime-nz",
      "get": "https://dillzycounter.vercel.app/api/get?key=prime-nz"
    },
    {
      "id": "sony",
      "name": "SONY",
      "type": "iframe",
      "iframeSrc": "https://crickettv.site/sonyliv/sonyliv-5",
      "hit": "https://dillzycounter.vercel.app/api/hit?key=sony-1",
      "get": "https://dillzycounter.vercel.app/api/get?key=sony-1"
    },
    {
      "id": "sony-3",
      "name": "SONY",
      "type": "iframe",
      "iframeSrc": "https://cricketstan.github.io/Sony-ten-5/",
      "hit": "https://dillzycounter.vercel.app/api/hit?key=sony-3",
      "get": "https://dillzycounter.vercel.app/api/get?key=sony-3"
    },
    {
      "id": "youtube",
      "name": "Youtube",
      "type": "iframe",
      "iframeSrc": "https://dillzy.wasmer.app/?url=https://youtu.be/kpqdUCpiPDI?si=yL2Nv4INPLasdXyx",
      "hit": "https://dillzycounter.vercel.app/api/hit?key=youtube",
      "get": "https://dillzycounter.vercel.app/api/get?key=youtube"
    },
    {
      "id": "super-smash",
      "name": "Fancode",
      "type": "iframe",
      "iframeSrc": "https://allrounderlive.pages.dev/player?url=https://in-mc-fdlive.fancode.com/mumbai/138734_english_hls_c6682ef50599856_1ta-di_h264/1080p.m3u8",
      "hit": "https://dillzycounter.vercel.app/api/hit?key=SS",
      "get": "https://dillzycounter.vercel.app/api/get?key=SS"
    }
  ]
}
