{
  "posters": [

{
      "title": "https://i.ibb.co/3yP7hvCZ/Picsart-26-01-01-07-35-53-876.png",
      "poster_link": "https://vmndims.kayosports.com.au/api/v2/img/694231d4e4b06fdd0fa83711-1766979736924?location=hero-default&imwidth=1920",
      "watch_now": [
        { "id": "home?id=eng", "name": "Star Sports" }
       
      ],
      "date": "1 Jan 2026",
      "start_time": "10:30 AM",
      "category": "Cricket",
      "year": "2025",
      "language": "Eng",
      "rating": "BBL"
    },

{
      "title": "https://i.ibb.co/VcmWds9P/Picsart-26-01-01-07-37-09-073.png",
      "poster_link": "https://vmndims.kayosports.com.au/api/v2/img/694231dde4b06fdd0fa83712-1766533179838?location=hero-default&imwidth=2560",
      "watch_now": [
        { "id": "home?id=eng", "name": "Star Sports" }
       
      ],
      "date": "1 Jan 2026",
      "start_time": "1:45 PM",
      "category": "Cricket",
      "year": "2025",
      "language": "Eng",
      "rating": "BBL"
    }
  ]
}

