{
  "event": [

{
      "title": "India Vs Newzealand",
      "poster_link": "https://vmndims.kayosports.com.au/api/v2/img/69550365e4b098c9e191f419-1767680166230?location=hero-default&imwidth=1920",
      "watch_now": [
        { "id": "home/heat-vs-thunder", "name": "All Stream" }
      ],
      "date": "11 Jan 2026",
      "start_time": "1:00 PM",
      "category": "Cricket",
      "year": "2025",
      "language": "Multi",
      "league": "ODI"
},

{
      "title": "Sixers Vs Hurricane",
      "poster_link": "https://vmndims.kayosports.com.au/api/v2/img/69448114e4b0d8ef2e159aa3-1766533361094?location=hero-default&imwidth=1920",
      "watch_now": [
        { "id": "home/heat-vs-thunder", "name": "All Stream" }
      ],
      "date": "11 Jan 2026",
      "start_time": "8:15 AM",
      "category": "Cricket",
      "year": "2025",
      "language": "Eng",
      "league": "BBL"
},


{
      "title": "Highlights",
      "poster_link": "https://img10.hotstar.com/image/upload/f_auto,q_90,w_1200/sources/r1/cms/prod/8930/1767991858930-h",
      "watch_now": [
        { "id": "highlights/wpl", "name": "Play Highlights" }
      ],
      "date": "1 Jan 2026",
      "start_time": "07:45 PM",
      "category": "Cricket",
      "year": "2025",
      "language": "Eng",
      "league": "WPL"
    },


{
      "title": "Home And Dry: Mini",
      "poster_link": "https://images.swm.digital/image?u=https://production-mediacms-utility-hsyp63r9v13b.s3-ap-southeast-2.amazonaws.com/media/123758/ashes-mini.jpg&q=95&w=1920",
      "watch_now": [
        { "id": "highlights/ashes.html", "name": "All Stream" }
      ],
      "date": "8 Jan 2026",
      "start_time": "04:55 AM",
      "category": "Cricket",
      "year": "2025",
      "language": "Eng",
      "league": "Ashes"
}
    
  ]
}
