{
  "site": "https://crickettv.site",
  "pages": [
    {
      "id": "indu19-vs-southafricau19",
      "slug": "indu19-vs-southafricau19",
      "seo": {
        "meta_title": "India U19 vs South Africa U19 Live Streaming",
        "meta_description": "Watch India U19 vs South Africa U19 live streaming online on CricTV.",
        "canonical": "https://crickettv.site/home/indu19-vs-southafricau19/",
        "thumbnail": "https://crickettv.site/image/api/crickettv.png",
        "publish_date": "2026-01-04T14:00:00+05:30",
        "last_modified": "2026-01-04T14:00:00+05:30",
        "breadcrumb_title": "India U19 vs South Africa U19"
      },
      "match": {
        "title": "India U19 vs South Africa U19 Live Streaming",
        "team1": "India U19",
        "team2": "South Africa U19",
        "venue": "Unknown",
        "start_iso": "2026-01-04T15:00:00+05:30",
        "end_iso": "2026-01-04T19:00:00+05:30"
      },
      "streams": [
        {
          "name": "Hotstar",
          "src": "https://dillzy.wasmer.app/?url=https://youtu.be/kpqdUCpiPDI?si=yL2Nv4INPLasdXyx",
          "default": true
        }
      ],
      "content": {
        "overview": "India U19 take on South Africa U19 in an exciting youth international fixture.",
        "match_details": "Match: India U19 vs South Africa U19\nFormat: Youth International",
        "prediction": "India U19 look slightly stronger on paper.",
        "final_word": "Expect young talent and competitive cricket."
      }
    },
    {
      "id": "england-vs-australia",
      "slug": "england-vs-australia",
      "seo": {
        "meta_title": "England vs Australia Live ",
        "meta_description": "Watch England vs Australia Ashes Day 4 live streaming online on CricTV.",
        "canonical": "https://crickettv.site/home/england-vs-australia/",
        "thumbnail": "https://crickettv.site/image/api/crickettv.png",
        "publish_date": "2026-01-05T10:00:00+05:30",
        "last_modified": "2026-01-07T09:20:59.120+05:30",
        "breadcrumb_title": "England vs Australia"
      },
      "match": {
        "title": "Australia vs England Live",
        "team1": "Australia",
        "team2": "England",
        "venue": "Australia",
        "start_iso": "2026-01-05T05:00:00+05:30",
        "end_iso": "2026-01-05T22:00:00+05:30"
      },
      "streams": [
        {
          "name": "TNT Sports",
          "src": "https://cricketstan.github.io/TNT-1/",
          "default": true
        }
      ],
      "content": {
        "overview": "Ashes Day 4 sees Australia in a dominant position after strong batting performances.",
        "match_details": "Match: Australia vs England, Day 4\nTournament: The Ashes\nFormat: Test Match",
        "pitch_report": "The surface is showing variable bounce making batting tricky in later stages.",
        "prediction": "Australia hold a strong advantage going into Day 4.",
        "final_word": "England must strike early to stay in the contest.",
        "players_to_watch": {
          "Australia": [
            "Travis Head",
            "Steve Smith"
          ],
          "England": [
            "Joe Root",
            "Ben Stokes"
          ]
        },
        "squads": {
          "Australia": "",
          "England": ""
        }
      }
    },
    {
      "id": "perth-vs-melbourne",
      "slug": "perth-vs-melbourne",
      "seo": {
        "meta_title": "Perth Scorchers vs Melbourne Renegades Live Streaming",
        "meta_description": "Watch Perth Scorchers vs Melbourne Renegades live streaming online with match details and prediction.",
        "canonical": "https://crickettv.site/home/perth-vs-melbourne/",
        "thumbnail": "https://crickettv.site/image/api/crickettv.png",
        "publish_date": "2026-01-07T08:00:00+05:30",
        "last_modified": "2026-01-07T14:11:14.732+05:30",
        "breadcrumb_title": "Perth Scorchers vs Melbourne Renegades"
      },
      "match": {
        "title": "Perth vs Melbourne Live Streaming ",
        "team1": "Perth Scorchers",
        "team2": "Melbourne Renegades",
        "venue": "Perth Stadium",
        "start_iso": "2026-01-07T13:30:00+05:30",
        "end_iso": "2026-01-07T23:00:00+05:30"
      },
      "streams": [
        {
          "name": "Star Sports",
          "src": "https://cricketstan.github.io/Channel-14/",
          "default": false
        },
        {
          "name": "Willow ",
          "src": "https://crickettv.site/willow",
          "default": true
        }
      ],
      "content": {
        "overview": "The Perth Scorchers vs Melbourne Renegades match fits perfectly into a crucial phase of the tournament. The Scorchers have a good chance as they have gained some momentum in the previous games, and another victory will enhance their chances of making it to the playoffs.\n\nFor the , the stakes are even higher, as they are now in a must-win position after a run of close defeats pushed them towards the lower end of the table. To stay alive in the competition, they need consistency, calm decision-making, and the ability to",
        "match_details": "Match: Perth Scorchers vs Melbourne Renegades, 26th Match\nTournament: Big Bash League 2026\nDate: 7 January 2026\nVenue: Perth Stadium",
        "pitch_report": "Perth Stadium offers bounce and pace, assisting fast bowlers early.",
        "prediction": "Perth Jitega Ye Match Perth Ko Support Krenge ",
        "final_word": "the Scorchers, it is about consolidating dominance and building a winning rhythm heading deeper into the tournament. For the Renegades, it represents resilience, and a chance to prove they can still shape the season narrative.\n\nExpect strategy, tension, and decisive key battles under the Perth lights, where one bold partnership or game-changing bowling spell may decide everything.",
        "players_to_watch": {
          "Perth Scorchers": [
            "Ashton Turner",
            "Aaron Hardie"
          ],
          "Melbourne Renegades": [
            "Tim Seifert",
            "Josh Brown"
          ]
        },
        "squads": {
          "Perth Scorchers": "Mitchell Marsh, Sam Fanning, Cooper Connolly, Aaron Hardie, Ashton Turner(c), Nick Hobson, Brody Couch, Finn Allen, Mahli Beardman, Jhye Richardson, Laurie Evans, Joel Paris, David Payne, Corey Rocchiccioli",
          "Melbourne Renegades": "Josh Brown, Tim Seifert, Mohammad Rizwan(w), Jake Fraser-McGurk, Oliver Peake, Will Sutherland(c), Matthew Spoors, Gurinder Sandhu, Caleb Jewell, Jason Behrendorff, Hassan Khan, Sam Elliott, Callum Stow, Andrew Tye"
        }
      }
    },
    {
      "id": "pakistan-vs-srilanka",
      "slug": "pakistan-vs-srilanka",
      "seo": {
        "meta_title": "Pakistan Vs Srilanka Live Streaming ",
        "meta_description": "",
        "canonical": "https://crickettv.site/home/pakistan-vs-srilanka/",
        "thumbnail": "https://crickettv.site/image/api/crickettv.png",
        "publish_date": "2026-01-07T16:33:10.666+05:30",
        "last_modified": "2026-01-07T19:21:55.243+05:30",
        "breadcrumb_title": "Pakistan Vs Srilanka Live Streaming "
      },
      "match": {
        "title": "Pakistan Vs Srilanka Live",
        "team1": "Srilanka ",
        "team2": "Pakistan ",
        "venue": "Rangiri Dambulla International Stadium",
        "start_iso": "2026-01-07T16:25:00-05:30",
        "end_iso": ""
      },
      "streams": [
        {
          "name": "TNT ",
          "src": "https://cricketstan.github.io/TNT-1/",
          "default": false
        },
        {
          "name": "Sony Liv",
          "src": "https://crickettv.site/sonyliv/sonyliv-5",
          "default": false
        }
      ],
      "content": {
        "overview": "The much-anticipated T20I series between Sri Lanka and Pakistan kicks off today, at the Rangiri Dambulla International Stadium. Both teams are eager to fine-tune their squads ahead of the T20 World Cup in February, with this series offering crucial preparation for the global event.",
        "match_details": "The most T20I encounter in Dambulla was between hosts Sri Lanka and Bangladesh. The match went in the favour of the visitors who defeated the Lankans by an 83-run margin back on July 13, 2025.",
        "pitch_report": "The pitch at the Rangiri Dambulla International Stadium for the first T20I between Sri Lanka and Pakistan is expected to offer a balanced contest between bat and ball. Historically, the ground has favored spinners, especially in the second innings, with six out of the nine matches being won by the team batting first. The highest total recorded in the first innings here is 209, while the lowest is 89, highlighting the potential for both high-scoring and low-scoring affairs.\n\nThe surface is expected to provide good bounce, particularly during the first six overs with the new ball, which will be key for the batters to capitalize on early momentum. This phase will require an aggressive approach from the top order to put pressure on the bowlers. As the game progresses, the pitch is likely to offer more assistance to the spinners, making it crucial for both teams to strategize wisely and adapt quickly to the changing conditions",
        "prediction": "While Sri Lanka will draw confidence from familiar conditions at home, Pakistan have a more balanced and well-drilled side. With a stronger spin attack and several players show in form, Pakistan are tipped to come away with a victory in the opening T20I.\n\n",
        "final_word": "Sri Lanka would want to begin the T20I series with a win in the upcoming match, which will also be the first T20I game to be played at this venue between the two teams.\n\nPakistan, on the other hand, would aim to continue the good form that the team was in last year in this format of the game and build momentum for the 2026 T20 World Cup.",
        "players_to_watch": {
          "Srilanka ": [
            "Kusal Mendis",
            "Pathum Nisnaka"
          ],
          "Pakistan ": [
            "Shadab Khan",
            "Mohammad Nawaz"
          ]
        },
        "squads": {
          "Srilanka ": "Kusal Perera, Charith Asalanka, Pathum Nissanka, Kusal Mendis (wk), Kamindu Mendis, Maheesh Theekshana, Eshan Malinga, Matheesha Pathirana, Dasun Shanaka (c), Wanindu Hasaranga, Dustmanth Chameera..",
          "Pakistan ": "Shadab Khan, Salman Agha (c), Usman Khan (wk), Abdul Samad, Mohammad Nawaz, Sahibzada Farhan, Saim Ayub, Faheem Ashraf, Naseem Shah, Fakhar Zaman, Mohammad Wasim Jr."
        }
      }
    },
    {
      "id": "durban-vs-pretoria",
      "slug": "durban-vs-pretoria",
      "seo": {
        "meta_title": "Durban Vs Pretoria",
        "meta_description": "",
        "canonical": "https://crickettv.site/home/durban-vs-pretoria/",
        "thumbnail": "https://crickettv.site/image/api/crickettv.png",
        "publish_date": "2026-01-07T20:24:06.995+05:30",
        "last_modified": "2026-01-07T21:29:06.075+05:30",
        "breadcrumb_title": ""
      },
      "match": {
        "title": "Durban Vs Pretoria",
        "team1": "Pretoria",
        "team2": "Durban",
        "venue": "Kingsmead, Durban",
        "start_iso": "",
        "end_iso": ""
      },
      "streams": [
        {
          "name": "Jio Hotstar ",
          "src": "https://allrounderlive.pages.dev/player?url=https://dillzy.cricketstream745.workers.dev/live.m3u8",
          "default": false
        },
        {
          "name": "Willow ",
          "src": "https://crickettv.site/willow",
          "default": false
        }
      ],
      "content": {
        "overview": "Durban Super Giants are set to lock horns with Pretoria Capitals in Match 16 of the SA20 2025-26 at Kingsmead in Durban, on Wednesday, January 07.",
        "match_details": "",
        "pitch_report": "",
        "prediction": "",
        "final_word": "",
        "players_to_watch": {
          "Pretoria": [],
          "Durban": []
        },
        "squads": {
          "Pretoria": "",
          "Durban": ""
        }
      }
    },
    {
      "id": "star-vs-sixers",
      "slug": "star-vs-sixers",
      "seo": {
        "meta_title": "Melbourne Star Vs Sixers",
        "meta_description": "",
        "canonical": "https://crickettv.site/home/star-vs-sixers/",
        "thumbnail": "https://crickettv.site/image/api/crickettv.png",
        "publish_date": "2026-01-08T10:58:28.398+05:30",
        "last_modified": "2026-01-08T13:57:27.379+05:30",
        "breadcrumb_title": ""
      },
      "match": {
        "title": "Melbourne Star Vs Sixers ",
        "team1": "Sydney Sixers",
        "team2": "Melbourne Star",
        "venue": "Melbourne Stadium ",
        "start_iso": "",
        "end_iso": ""
      },
      "streams": [
        {
          "name": "Star Sports ",
          "src": "https://cricketstan.github.io/Channel-14/",
          "default": true
        },
        {
          "name": "Willow ",
          "src": "https://crickettv.site/willow",
          "default": false
        }
      ],
      "content": {
        "overview": "Todays Big Bash League match between Melbourne Stars and Sydney Sixers is a crucial encounter as both teams fight to strengthen their position in the points table. Melbourne Stars will look to use home conditions and aggressive batting to dominate early, while Sydney Sixers rely on experience, composure, and a well-balanced squad. With quality players on both sides, this clash promises intense competition and high entertainment value for fans.",
        "match_details": "",
        "pitch_report": "The pitch for todays match is expected to offer a balanced contest between bat and ball. Batters who settle early should find value for their shots, especially during the middle overs, while bowlers who vary pace and hit the right lengths can be effective. Seamers may get some movement with the new ball, whereas spinners could come into play as the surface slows down. Overall, a competitive total is likely, and teams may prefer chasing depending on dew conditions later in the game.",
        "prediction": "Melbourne Stars and Sydney Sixers face off today in a blockbuster contest that promises intensity from ball one. The Stars will aim to dominate with attacking intent, while the Sixers bring their trademark composure and match-winning mindset. Expect big hits, sharp fielding, and momentum swings as both teams push hard for supremacy in this must-watch clash.",
        "final_word": "I Think Melbourne Star Gonna Win Today",
        "players_to_watch": {
          "Sydney Sixers": [
            "Babar Azam"
          ],
          "Melbourne Star": [
            "Glen Maxwell"
          ]
        },
        "squads": {
          "Sydney Sixers": "Daniel Hughes, Babar Azam, Josh Philippe(w), Moises Henriques(c), Jordan Silk, Jack Edwards, Joel Davies, Ben Manenti, Hayden Kerr, Ben Dwarshuis, Sean Abbott, Sam Curran, Mitchell Perry, Lachlan Shaw",
          "Melbourne Star": "Thomas Rogers, Sam Harper(w), Campbell Kellaway, Blake Macdonald, Glenn Maxwell, Marcus Stoinis(c), Hilton Cartwright, Tom Curran, Mitchell Swepson, Haris Rauf, Peter Siddle, Sam Hain, Liam Hatcher, Hamish McKenzie"
        }
      }
    },
    {
      "id": "hobart-vs-adelaide",
      "slug": "hobart-vs-adelaide",
      "seo": {
        "meta_title": "Adelaide Strikers Vs Hobart Hurricane ",
        "meta_description": "",
        "canonical": "https://crickettv.site/home/hobart-vs-adelaide/",
        "thumbnail": "https://crickettv.site/image/api/crickettv.png",
        "publish_date": "2026-01-09T08:34:41.466+05:30",
        "last_modified": "2026-01-09T13:33:59.834+05:30",
        "breadcrumb_title": ""
      },
      "match": {
        "title": "Hobart Hurricane Vs Adelaide Strikers ",
        "team1": "Hobart Hurricane ",
        "team2": "Adelaide strikers ",
        "venue": "Hobart ",
        "start_iso": "",
        "end_iso": ""
      },
      "streams": [
        {
          "name": "Star Sports ",
          "src": "https://cricketstan.github.io/Channel-14/",
          "default": true
        },
        {
          "name": "Willow",
          "src": "https://crickettv.site/willow",
          "default": false
        }
      ],
      "content": {
        "overview": "In the 28th game of the BBL 2025-26, Hobart Hurricanes (HUR) are set to face Adelaide Strikers (STR). The Hobart Hurricanes are performing well in this season so far, as they won five out of the seven games. They also won the previous match against the Sydney Thunder by 6 wickets. Tim Ward performed well for them in the last game and scored 90 runs off 49 balls, while Will Prestwidge took two wickets in the bowling department. ",
        "match_details": "",
        "pitch_report": "The pitch at Bellerive Oval, Hobart, generally offered good conditions for batting. However, in the first Power Play, the fast bowlers will get good bounce and movement with the new ball, due to which the batters may find it difficult to play shots. But once settled, it will be easy for the batsmen to score runs on this surface. Spinners will also get help from the surface in the middle overs.",
        "prediction": "",
        "final_word": "",
        "players_to_watch": {
          "Hobart Hurricane ": [],
          "Adelaide strikers ": []
        },
        "squads": {
          "Hobart Hurricane ": "",
          "Adelaide strikers ": "Jason Sangha, MW Short (C), J Overton, CA Lynn, Liam Scott, Hasan Ali, MW Harvey (wk), L Pope, L Wood, J Wadia, H Manenti\n\nBench : AT Carey, HJ Nielsen, TM Head, Thomas Kelly, AI Ross, CJ Boyce, Jordan Buckingham, Henry Thornton, Tom Straker, T Shamsi\n\n"
        }
      }
    },
    {
      "id": "rcb-vs-mi",
      "slug": "rcb-vs-mi",
      "seo": {
        "meta_title": "Royal Challengers Bengaluru Vs Mumbai Indians Live Streaming Free",
        "meta_description": "Watch Mi Vs Rcb Live For Free On Cric Tv",
        "canonical": "https://crickettv.site/home/rcb-vs-mi/",
        "thumbnail": "https://crickettv.site/image/api/crickettv.png",
        "publish_date": "2026-01-09T15:21:38.948+05:30",
        "last_modified": "2026-01-09T19:34:33.323+05:30",
        "breadcrumb_title": "Rcb Vs Mi Live"
      },
      "match": {
        "title": "RCB Vs MI - Live",
        "team1": "Royal Challengers Bangalore ",
        "team2": "Mumbai Indians ",
        "venue": " Dr. D.Y. Patil Stadium, Navi Mumbai",
        "start_iso": "7:30 PM",
        "end_iso": "11:30 PM"
      },
      "streams": [
        {
          "name": "Hindi ",
          "src": "https://allrounderlive.pages.dev/player?url=https://dillzy.cricketstream745.workers.dev/live.m3u8",
          "default": true
        },
        {
          "name": "Jio Hotstar ",
          "src": "https://allrounderlive.pages.dev/player?url=https://dillzy.cricketstream745.workers.dev/live.m3u8",
          "default": false
        },
        {
          "name": "Willow",
          "src": "https://cricketstan.github.io/Willow-Sports/",
          "default": false
        },
        {
          "name": "Willow",
          "src": "https://crickettv.site/willow",
          "default": false
        }
      ],
      "content": {
        "overview": "All roads lead to Navi Mumbai as RCB gear up for the WPL 2026 season opener that kickstarts tomorrow. The fourth edition of the tournament will be bigger than anything you have ever seen and the Royal Challengers are all set to rumble.\n\nWith Smriti Mandhana returning to the helm of affairs, this will be her fourth season as the captain of RCB. However, this year, she will have a flurry of fresh faces alongside her to take the challenge head on. From Georgia Voll to Grace Harris, Linsey Smith to Radha Yadav, RCB did sign a handful of experienced campaigners in the side to bolster their ranks.\n\nThe defending champions, Mumbai Indians, will be coming in with some intense firepower. For RCB, the key element to get into their rhythm will be to pick the right combination.\n\nWith star power in Smriti Mandhana, Georgia Voll, Grace Harris, Nadine de Klerk, Richa Ghosh, Lauren Bell and Linsey Smith leading the charge, they will have to slot the right blend of players in order to get the perfect XI in place. Apart from that, the presence of experience will be crucial for the Royal Challengers as they hope to launch another title.\n\n\nNat Sciver-Brunt could be the key batter in this clash. She was named Player of the Tournament in WPL 2025 after producing a series of dominant performances, scoring freely all around the ground and consistently troubling opposition bowlers. With 1,027 runs in 29 WPL matches so far, Sciver-Brunt remains one of the most reliable and destructive batters in the competition. She will be eager to carry her rich vein of form into the opening game of the new season and set the tone for Mumbai Indians Women.\n\nLeft-arm spinner Radha Yadav could be the key bowler in this clash. After spending the previous three seasons with Delhi Capitals Women, she begins a new chapter with her new team and will be eager to make an immediate impact. Radha has taken 14 wickets in the WPL so far while maintaining an economy rate below eight. Her role in the middle overs will be crucial, as her ability to control the run flow and pick up timely wickets could prove decisive in the contest.",
        "match_details": "Match - Mumbai Indians vs Royal Challengers Bengaluru\n\nVenue - Dr. D.Y. Patil Stadium, Navi Mumbai\n\nDate - 9th January, 2026\n\nTime - 7:30 PM",
        "pitch_report": "The Dr DY Patil Sports Academy pitch in Navi Mumbai is expected to play true, offering consistent bounce and reliable kcarry through to the bat. Traditionally a high-scoring venue in T20 cricket, the surface provides a balanced but batter-leaning contest, aided by steady pace that allows stroke-makers to free their arms.With minimal lateral movement on offer early, the powerplay could set the tone for a big total. Spinners may find occasional grip as the innings progresses, but the short square boundaries and predictable bounce keep run-scoring options open across phases. Teams batting first have often targeted 170-plus, and a similar benchmark is likely as both line-ups prepare for another attacking showdown.",
        "prediction": "MI JITEGA To Tension Mat Lena Ladle ",
        "final_word": "The last WPL match at Dr DY Patil Sports Academy, Navi Mumbai, was the Eliminator of WPL 2023 between Mumbai Indians and UP Warriorz. Mumbai, batting first, posted a huge total of 182 for four on the board. In reply, UP were bundled out for just 110 as Mumbai won the game by 72 runs and booked their place in the final.",
        "players_to_watch": {
          "Royal Challengers Bangalore ": [
            "Smriti Mandhana",
            "Richa Ghosh"
          ],
          "Mumbai Indians ": [
            "Harmanpreet Kaur",
            "Amalia Keer"
          ]
        },
        "squads": {
          "Royal Challengers Bangalore ": "Smriti Mandhana, Richa Ghosh, Sayali Satghare, Shreyanka Patil, Georgia Voll, Nadine de Klerk, Radha Yadav, Lauren Bell, Linsey Smith, Prema Rawat, Arundhati Reddy, Pooja Vastrakar, Grace Harris, Gautami Naik, Prathyoosha Kumar, D. Hemalatha",
          "Mumbai Indians ": "Harmanpreet Kaur (c), Nat Sciver Brunt, Hayley Matthews, Amanjot Kaur, G. Kamalini, Amelia Kerr, Shabnim Ismail, Sanskriti Gupta, Sajana Sajeevan, Rahila Firdous, Nicola Carey, Poonam Khemnar, Triveni Vasistha, Nalla Reddy, Saika Ishaque, Milly Illingworth"
        }
      }
    },
    {
      "id": "joburag-vs-paarl",
      "slug": "joburag-vs-paarl",
      "seo": {
        "meta_title": "Joubarg Vs Paarl",
        "meta_description": "",
        "canonical": "https://crickettv.site/home/joburag-vs-paarl/",
        "thumbnail": "https://crickettv.site/image/api/crickettv.png",
        "publish_date": "2026-01-08T20:16:49.356+05:30",
        "last_modified": "2026-01-09T21:14:17.626+05:30",
        "breadcrumb_title": ""
      },
      "match": {
        "title": "Joubarg Vs Paarl",
        "team1": "Pretoria",
        "team2": "Durban",
        "venue": "Kingsmead, Durban",
        "start_iso": "",
        "end_iso": ""
      },
      "streams": [
        {
          "name": "Willow ",
          "src": "https://crickettv.site/willow2",
          "default": true
        }
      ],
      "content": {
        "overview": "Durban Super Giants are set to lock horns with Pretoria Capitals in Match 16 of the SA20 2025-26 at Kingsmead in Durban, on Wednesday, January 07.",
        "match_details": "",
        "pitch_report": "",
        "prediction": "",
        "final_word": "",
        "players_to_watch": {
          "Pretoria": [],
          "Durban": []
        },
        "squads": {
          "Pretoria": "",
          "Durban": ""
        }
      }
    },
    {
      "id": "heat-vs-thunder",
      "slug": "heat-vs-thunder",
      "seo": {
        "meta_title": "Adelaide Strikers Vs Hobart Hurricane ",
        "meta_description": "",
        "canonical": "https://crickettv.site/home/heat-vs-thunder/",
        "thumbnail": "https://crickettv.site/image/api/crickettv.png",
        "publish_date": "2026-01-10T07:56:55.933+05:30",
        "last_modified": "2026-01-10T11:18:24.054+05:30",
        "breadcrumb_title": ""
      },
      "match": {
        "title": "Sydney Thunder Vs Brisbane Heat",
        "team1": "Hobart Hurricane ",
        "team2": "Adelaide strikers ",
        "venue": "Hobart ",
        "start_iso": "",
        "end_iso": ""
      },
      "streams": [
        {
          "name": "Star Sports ",
          "src": "https://cricketstan.github.io/Channel-14/",
          "default": true
        },
        {
          "name": "Willow",
          "src": "https://crickettv.site/willow",
          "default": false
        }
      ],
      "content": {
        "overview": "In the 28th game of the BBL 2025-26, Hobart Hurricanes (HUR) are set to face Adelaide Strikers (STR). The Hobart Hurricanes are performing well in this season so far, as they won five out of the seven games. They also won the previous match against the Sydney Thunder by 6 wickets. Tim Ward performed well for them in the last game and scored 90 runs off 49 balls, while Will Prestwidge took two wickets in the bowling department. ",
        "match_details": "",
        "pitch_report": "The pitch at Bellerive Oval, Hobart, generally offered good conditions for batting. However, in the first Power Play, the fast bowlers will get good bounce and movement with the new ball, due to which the batters may find it difficult to play shots. But once settled, it will be easy for the batsmen to score runs on this surface. Spinners will also get help from the surface in the middle overs.",
        "prediction": "",
        "final_word": "",
        "players_to_watch": {
          "Hobart Hurricane ": [],
          "Adelaide strikers ": []
        },
        "squads": {
          "Hobart Hurricane ": "",
          "Adelaide strikers ": "Jason Sangha, MW Short (C), J Overton, CA Lynn, Liam Scott, Hasan Ali, MW Harvey (wk), L Pope, L Wood, J Wadia, H Manenti\n\nBench : AT Carey, HJ Nielsen, TM Head, Thomas Kelly, AI Ross, CJ Boyce, Jordan Buckingham, Henry Thornton, Tom Straker, T Shamsi\n\n"
        }
      }
    },
    {
      "id": "warriors-vs-gaints",
      "slug": "warriors-vs-gaints",
      "seo": {
        "meta_title": "Up Warriors Vs Gujarat Gaints",
        "meta_description": "",
        "canonical": "https://crickettv.site/home/warriors-vs-gaints/",
        "thumbnail": "https://crickettv.site/image/api/crickettv.png",
        "publish_date": "2026-01-10T14:35:23.328+05:30",
        "last_modified": "2026-01-10T14:36:25.086+05:30",
        "breadcrumb_title": ""
      },
      "match": {
        "title": "Warriors Vs Gaints",
        "team1": "Warriors ",
        "team2": "Gaints",
        "venue": "",
        "start_iso": "",
        "end_iso": ""
      },
      "streams": [
        {
          "name": "Hindi",
          "src": "https://allrounderlive.pages.dev/player?url=https://dillzy.cricketstream745.workers.dev/live.m3u8",
          "default": false
        },
        {
          "name": "Jio Hotstar ",
          "src": "https://allrounderlive.pages.dev/player?url=https://dillzy.cricketstream745.workers.dev/live.m3u8",
          "default": false
        },
        {
          "name": "Willow Sports ",
          "src": "https://cricketstan.github.io/Willow-Sports/",
          "default": false
        },
        {
          "name": "Willow",
          "src": "https://crickettv.site/willow",
          "default": false
        }
      ],
      "content": {
        "overview": "Gujarat Giants have looked nowhere close to being real contenders for a title in the previous three seasons. However, the revamped unit has made quite a few interesting additions for the 2026 edition. Ashleigh Gardner has been appointed as the full-time skipper of the side, and she will be hoping to prove her worth by leading the side by example.\n\n\n\nUP Warriorz, on the other hand, have welcomed an experienced captain to their set-up in the form of Meg Lanning. She has the habit of taking her side to the finals, and is also a proven leader. She captained Delhi Capitals previously in all three preceding seasons, where they reached the summit clash every time. Hence, she will be hoping to build a similar habit with her new side, especially with someone like Deepti Sharma alongside.",
        "match_details": "",
        "pitch_report": "The Dr. DY Patil Sports Academy in Navi Mumbai is among the most iconic landmarks in WPL history, and is the same venue that hosted the first-ever match in the league. The pitches here have a tendency to slow down as the match progresses, which doesn't allow the batters to score runs at will. As a result, batting first and putting up a target for the opposition is an ideal decision for teams winning the toss.",
        "prediction": "",
        "final_word": "",
        "players_to_watch": {
          "Warriors ": [],
          "Gaints": []
        },
        "squads": {
          "Warriors ": "Meg Lanning (captain), Pratika Rawal, Deandra Dottin, Harleen Deol, Deepti Sharma, Kiran Navgire, Chloe Tryon, Shweta Sehrawat, Asha Sobhana, Sophie Ecclestone, Shikha Pandey",
          "Gaints": "Yastika Bhatia (wicketkeeper), Beth Mooney, Sophie Devine, Ashleigh Gardner (captain), Bharti Fulmali, Kashvee Gautam, Anushka Sharma, Kanika Ahuja, Renuka Singh Thakur, Titas Sadhu, Georgia Wareham"
        }
      }
    }
  ]
}