
{
  "event": [

{
      "title": "Sixers Vs Hurricane",
      "poster_link": "https://vmndims.kayosports.com.au/api/v2/img/69448114e4b0d8ef2e159aa3-1766533361094?location=hero-default&imwidth=1920",
      "watch_now": [
        { "id": "home/heat-vs-thunder", "name": "All Stream" }
      ],
      "date": "11 Jan 2026",
      "start_time": "8:15 AM",
      "category": "Cricket",
      "year": "2025",
      "language": "Eng",
      "league": "BBL"
},


{
      "title": "India Vs Newzealand",
      "poster_link": "https://vmndims.kayosports.com.au/api/v2/img/69550365e4b098c9e191f419-1767680166230?location=hero-default&imwidth=1920",
      "watch_now": [
        { "id": "home/heat-vs-thunder", "name": "All Stream" }
      ],
      "date": "11 Jan 2026",
      "start_time": "1:00 PM",
      "category": "Cricket",
      "year": "2025",
      "language": "Multi",
      "league": "ODI"
},

{
      "title": "South Africa T20",
      "poster_link": "https://vmndims.kayosports.com.au/api/v2/img/6944f448e4b02a692ff00e0e-1766531497326?location=hero-default&imwidth=1920",
      "watch_now": [
        { "id": "home/durban-vs-pretoria", "name": "All Stream" }
      ],
      "date": "11 Jan 2026",
      "start_time": "04:25 PM",
      "category": "Cricket",
      "year": "2025",
      "language": "Eng",
      "league": "SA20"
}
  ]
}
