{
  "upcomingMatches": [
    {
      "title": "Wellington vs Otago - 14th Match (Super Smash 2025-26)",
      "date": "Fri, Jan 9 2026",
      "venue": "Wellington, Basin Reserve",
      "team1": "Wellington",
      "team2": "Otago",
      "time": "8:55 AM",
      "poster": "https://vmndims.kayosports.com.au/api/v2/img/6944f460e4b0d1261fa205a1-1766531696661?location=hero-default&imwidth=2560"
    },
    {
      "title": "Chattogram Royals vs Rajshahi Warriors - 19th Match (BPL 2025-26)",
      "date": "Fri, Jan 9 2026",
      "venue": "Sylhet, Sylhet International Cricket Stadium",
      "team1": "Chattogram Royals",
      "team2": "Rajshahi Warriors",
      "time": "1:30 PM",
      "poster": "https://vmndims.kayosports.com.au/api/v2/img/6944f448e4b02a692ff00e0e-1766531497326?location=hero-default&imwidth=1920"
    },
    {
      "title": "Noakhali Express vs Rangpur Riders - 20th Match (BPL 2025-26)",
      "date": "Fri, Jan 9 2026",
      "venue": "Sylhet, Sylhet International Cricket Stadium",
      "team1": "Noakhali Express",
      "team2": "Rangpur Riders",
      "time": "6:30 PM",
      "poster": "https://vmndims.kayosports.com.au/api/v2/img/6944f448e4b02a692ff00e0e-1766531497326?location=hero-default&imwidth=1920"
    },
    {
      "title": "Hobart Hurricanes vs Adelaide Strikers - 28th Match (Big Bash League 2025-26)",
      "date": "Fri, Jan 9 2026",
      "venue": "Hobart, Bellerive Oval",
      "team1": "Hobart Hurricanes",
      "team2": "Adelaide Strikers",
      "time": "1:45 PM",
      "poster": "https://images.skyone.co.nz/mac/479214/DAM/6002BC5D-CA34-49FA-9113DF4C238541F2.jpg"
    },
    {
      "title": "Durban Super Giants vs Sunrisers Eastern Cape - 18th Match (SA20 2025-26)",
      "date": "Fri, Jan 9 2026",
      "venue": "Durban, Kingsmead",
      "team1": "Durban Super Giants",
      "team2": "Sunrisers Eastern Cape",
      "time": "9:00 PM",
      "poster": "https://vmndims.kayosports.com.au/api/v2/img/6944f448e4b02a692ff00e0e-1766531497326?location=hero-default&imwidth=1920"
    },

    {
      "title": "Canterbury vs Auckland - 15th Match (Super Smash 2025-26)",
      "date": "Sat, Jan 10 2026",
      "venue": "Christchurch, Hagley Oval",
      "team1": "Canterbury",
      "team2": "Auckland",
      "time": "10:25 AM",
      "poster": "https://vmndims.kayosports.com.au/api/v2/img/6944f460e4b0d1261fa205a1-1766531696661?location=hero-default&imwidth=2560"
    },
    {
      "title": "Brisbane Heat vs Sydney Thunder - 29th Match (Big Bash League 2025-26)",
      "date": "Sat, Jan 10 2026",
      "venue": "Brisbane, The Gabba",
      "team1": "Brisbane Heat",
      "team2": "Sydney Thunder",
      "time": "10:30 AM",
      "poster": "https://images.skyone.co.nz/mac/479214/DAM/6002BC5D-CA34-49FA-9113DF4C238541F2.jpg"
    },
    {
      "title": "Melbourne Renegades vs Melbourne Stars - 30th Match (Big Bash League 2025-26)",
      "date": "Sat, Jan 10 2026",
      "venue": "Melbourne, Docklands Stadium",
      "team1": "Melbourne Renegades",
      "team2": "Melbourne Stars",
      "time": "1:45 PM",
      "poster": "https://images.skyone.co.nz/mac/479214/DAM/6002BC5D-CA34-49FA-9113DF4C238541F2.jpg"
    },

    {
      "title": "Sydney Sixers vs Hobart Hurricanes - 31st Match (Big Bash League 2025-26)",
      "date": "Sun, Jan 11 2026",
      "venue": "Sydney, Sydney Cricket Ground",
      "team1": "Sydney Sixers",
      "team2": "Hobart Hurricanes",
      "time": "8:35 AM",
      "poster": "https://images.skyone.co.nz/mac/479214/DAM/6002BC5D-CA34-49FA-9113DF4C238541F2.jpg"
    },
    {
      "title": "Adelaide Strikers vs Perth Scorchers - 32nd Match (Big Bash League 2025-26)",
      "date": "Sun, Jan 11 2026",
      "venue": "Adelaide, Adelaide Oval",
      "team1": "Adelaide Strikers",
      "team2": "Perth Scorchers",
      "time": "1:45 PM",
      "poster": "https://images.skyone.co.nz/mac/479214/DAM/6002BC5D-CA34-49FA-9113DF4C238541F2.jpg"
    },

    {
      "title": "Otago vs Auckland - 17th Match (Super Smash 2025-26)",
      "date": "Mon, Jan 12 2026",
      "venue": "Dunedin, University Oval",
      "team1": "Otago",
      "team2": "Auckland",
      "time": "8:55 AM",
      "poster": "https://vmndims.kayosports.com.au/api/v2/img/6944f460e4b0d1261fa205a1-1766531696661?location=hero-default&imwidth=2560"
    },

    {
      "title": "Central Districts vs Northern Knights - 18th Match (Super Smash 2025-26)",
      "date": "Tue, Jan 13 2026",
      "venue": "Napier, McLean Park",
      "team1": "Central Districts",
      "team2": "Northern Knights",
      "time": "10:25 AM",
      "poster": "https://vmndims.kayosports.com.au/api/v2/img/6944f460e4b0d1261fa205a1-1766531696661?location=hero-default&imwidth=2560"
    },

    {
      "title": "Auckland vs Canterbury - 19th Match (Super Smash 2025-26)",
      "date": "Wed, Jan 14 2026",
      "venue": "Auckland, Eden Park Outer Oval",
      "team1": "Auckland",
      "team2": "Canterbury",
      "time": "5:10 AM",
      "poster": "https://vmndims.kayosports.com.au/api/v2/img/6944f460e4b0d1261fa205a1-1766531696661?location=hero-default&imwidth=2560"
    },
    {
      "title": "Hobart Hurricanes vs Brisbane Heat - 35th Match (Big Bash League 2025-26)",
      "date": "Wed, Jan 14 2026",
      "venue": "Hobart, Bellerive Oval",
      "team1": "Hobart Hurricanes",
      "team2": "Brisbane Heat",
      "time": "1:45 PM",
      "poster": "https://images.skyone.co.nz/mac/479214/DAM/6002BC5D-CA34-49FA-9113DF4C238541F2.jpg"
    },
    {
      "title": "Sunrisers Eastern Cape vs Joburg Super Kings - 24th Match (SA20 2025-26)",
      "date": "Wed, Jan 14 2026",
      "venue": "Gqeberha, St George's Park",
      "team1": "Sunrisers Eastern Cape",
      "team2": "Joburg Super Kings",
      "time": "9:00 PM",
      "poster": "https://vmndims.kayosports.com.au/api/v2/img/6944f448e4b02a692ff00e0e-1766531497326?location=hero-default&imwidth=1920"
    }
  ]
}
