{
  "updated_at": "2026-01-10T17:57:44.832Z",
  "count": 100,
  "items": [
    {
      "title": "Amazing Amelia Kerr shines with 3/24",
      "thumbnail": "https://www.wplt20.com/static-assets/waf-images/fb/a1/5a/0/image-d3acd759-6009-41e4-82e0-aa0a47e609ba.jpg",
      "video_id": "6387530204112",
      "duration": 86,
      "published_iso": "2026-01-10T17:49:41",
      "url": "https://crickettv.site/wpl/6387530204112.html"
    },
    {
      "title": "Amazing Moments: Match 3, Mumbai Indians vs Delhi Capitals, WPL 2026",
      "thumbnail": "https://www.wplt20.com/static-assets/waf-images/3b/5c/a7/0/image-4d838ac2-f185-41f1-b72d-1c829f735e13.jpg",
      "video_id": "6387529696112",
      "duration": 62,
      "published_iso": "2026-01-10T17:43:38",
      "url": "https://crickettv.site/wpl/6387529696112.html"
    },
    {
      "title": "Presentation: Match 3, Mumbai Indians vs Delhi Capitals, WPL 2026",
      "thumbnail": "https://www.wplt20.com/static-assets/waf-images/c4/a9/29/0/image-a875b8fc-85e1-4dd7-b9d3-a1882800c081.jpg",
      "video_id": "6387528245112",
      "duration": 363,
      "published_iso": "2026-01-10T17:43:38",
      "url": "https://crickettv.site/wpl/6387528245112.html"
    },
    {
      "title": "Wicket: Match 3, Mumbai Indians vs Delhi Capitals, WPL 2026: Nandni Sharma Wicket",
      "thumbnail": "https://www.wplt20.com/static-assets/waf-images/64/e8/91/0/image-abc0db3d-9f3e-4596-86e5-368493d56d23.jpg",
      "video_id": "6387528818112",
      "duration": 30,
      "published_iso": "2026-01-10T17:37:09",
      "url": "https://crickettv.site/wpl/6387528818112.html"
    },
    {
      "title": "Post Match Interviews: Match 3, Mumbai Indians vs Delhi Capitals, WPL 2026: Amelia Kerr Interview",
      "thumbnail": "https://www.wplt20.com/static-assets/waf-images/60/eb/f3/0/image-f2f74fa7-6fd3-4c2d-8da8-71f7507ad505.jpg",
      "video_id": "6387528546112",
      "duration": 125,
      "published_iso": "2026-01-10T17:36:32",
      "url": "https://crickettv.site/wpl/6387528546112.html"
    },
    {
      "title": "Post Match Interviews: Match 3, Mumbai Indians vs Delhi Capitals, WPL 2026: Jemimah Rodrigues Interview",
      "thumbnail": "https://www.wplt20.com/static-assets/waf-images/a0/89/f3/0/image-e4f8409a-2174-494d-bfe3-dc4109de8506.jpg",
      "video_id": "6387529208112",
      "duration": 105,
      "published_iso": "2026-01-10T17:36:32",
      "url": "https://crickettv.site/wpl/6387529208112.html"
    },
    {
      "title": "Super Sixes: Match 3, Mumbai Indians vs Delhi Capitals, WPL 2026",
      "thumbnail": "https://www.wplt20.com/static-assets/waf-images/94/44/a6/0/image-02bf3a93-bed6-414f-aa65-15055b972b7c.jpg",
      "video_id": "6387530289112",
      "duration": 181,
      "published_iso": "2026-01-10T17:35:49",
      "url": "https://crickettv.site/wpl/6387530289112.html"
    },
    {
      "title": "Fall of Wickets: Match 3, Mumbai Indians vs Delhi Capitals, WPL 2026",
      "thumbnail": "https://www.wplt20.com/static-assets/waf-images/f5/0a/18/0/image-e7e8483f-bd49-453c-a623-612acb2d7691.jpg",
      "video_id": "6387530288112",
      "duration": 367,
      "published_iso": "2026-01-10T17:35:49",
      "url": "https://crickettv.site/wpl/6387530288112.html"
    },
    {
      "title": "Wicket: Match 3, Mumbai Indians vs Delhi Capitals, WPL 2026: Chinelle Henry Wicket",
      "thumbnail": "https://www.wplt20.com/static-assets/waf-images/5b/e7/ce/0/image-1a1c81e1-1021-46ac-bfbf-85933098e9c4.jpg",
      "video_id": "6387528817112",
      "duration": 30,
      "published_iso": "2026-01-10T17:33:20",
      "url": "https://crickettv.site/wpl/6387528817112.html"
    },
    {
      "title": "Wicket: Match 3, Mumbai Indians vs Delhi Capitals, WPL 2026: Minnu Mani Wicket",
      "thumbnail": "https://www.wplt20.com/static-assets/waf-images/27/1d/af/0/image-1c1285f8-9ade-4418-9e50-eec12146d19e.jpg",
      "video_id": "6387530091112",
      "duration": 30,
      "published_iso": "2026-01-10T17:33:20",
      "url": "https://crickettv.site/wpl/6387530091112.html"
    },
    {
      "title": "Six: Match 3, Mumbai Indians vs Delhi Capitals, WPL 2026: Chinelle Henry Six",
      "thumbnail": "https://www.wplt20.com/static-assets/waf-images/65/2f/d5/0/image-65c43284-ab73-4899-b47f-78db3eb59bb7.jpg",
      "video_id": "6387528313112",
      "duration": 15,
      "published_iso": "2026-01-10T17:25:48",
      "url": "https://crickettv.site/wpl/6387528313112.html"
    },
    {
      "title": "Wicket: Match 3, Mumbai Indians vs Delhi Capitals, WPL 2026: Sneh Rana Wicket",
      "thumbnail": "https://www.wplt20.com/static-assets/waf-images/4c/d8/c2/0/image-2c0bd389-1810-4c74-8e6b-2d84dc2c0572.jpg",
      "video_id": "6387528707112",
      "duration": 30,
      "published_iso": "2026-01-10T17:25:22",
      "url": "https://crickettv.site/wpl/6387528707112.html"
    },
    {
      "title": "Chinelle Henry's fighting 56(33) for DC",
      "thumbnail": "https://www.wplt20.com/static-assets/waf-images/89/2d/e1/0/image-f0b7c84d-e327-4c40-84fa-21bdfe88fcca.jpg",
      "video_id": "6387529375112",
      "duration": 195,
      "published_iso": "2026-01-10T17:13:21",
      "url": "https://crickettv.site/wpl/6387529375112.html"
    },
    {
      "title": "50 up in style! Chinelle Henry sends one into the orbit",
      "thumbnail": "https://www.wplt20.com/static-assets/waf-images/91/e8/22/0/image-a2b25fdb-cb06-46c9-b58c-d9ea03c4543b.jpg",
      "video_id": "6387528300112",
      "duration": 18,
      "published_iso": "2026-01-10T17:09:17",
      "url": "https://crickettv.site/wpl/6387528300112.html"
    },
    {
      "title": "Six: Match 3, Mumbai Indians vs Delhi Capitals, WPL 2026: Sneh Rana Six",
      "thumbnail": "https://www.wplt20.com/static-assets/waf-images/3c/e7/13/0/image-de319754-92b6-4ba9-91f6-12bae9f454d4.jpg",
      "video_id": "6387527803112",
      "duration": 23,
      "published_iso": "2026-01-10T17:03:16",
      "url": "https://crickettv.site/wpl/6387527803112.html"
    },
    {
      "title": "Dropped and 6! Chinelle Henry rubs salt into the wounds",
      "thumbnail": "https://www.wplt20.com/static-assets/waf-images/95/36/dd/0/image-4f93ac93-c29e-4597-a241-1f634635a646.jpg",
      "video_id": "6387526936112",
      "duration": 64,
      "published_iso": "2026-01-10T16:57:55",
      "url": "https://crickettv.site/wpl/6387526936112.html"
    },
    {
      "title": "Six: Match 3, Mumbai Indians vs Delhi Capitals, WPL 2026: Chinelle Henry Six",
      "thumbnail": "https://www.wplt20.com/static-assets/waf-images/5d/9f/31/0/image-f31900f5-ac42-4657-bf4c-8e2cbd339185.jpg",
      "video_id": "6387528667112",
      "duration": 28,
      "published_iso": "2026-01-10T16:36:58",
      "url": "https://crickettv.site/wpl/6387528667112.html"
    },
    {
      "title": "Castled x 2! Nicola Carey's unplayable inswingers",
      "thumbnail": "https://www.wplt20.com/static-assets/waf-images/00/cf/e0/0/image-25fa80d5-e614-47a8-b06f-d4542b20fcaa.jpg",
      "video_id": "6387528471112",
      "duration": 79,
      "published_iso": "2026-01-10T16:24:43",
      "url": "https://crickettv.site/wpl/6387528471112.html"
    },
    {
      "title": "Wicket: Match 3, Mumbai Indians vs Delhi Capitals, WPL 2026: Marizanne Kapp Wicket",
      "thumbnail": "https://www.wplt20.com/static-assets/waf-images/e5/0e/50/0/image-a8fa3068-71fc-41d1-904b-6634b58c8c6e.jpg",
      "video_id": "6387525921112",
      "duration": 28,
      "published_iso": "2026-01-10T16:24:29",
      "url": "https://crickettv.site/wpl/6387525921112.html"
    },
    {
      "title": "Six: Match 3, Mumbai Indians vs Delhi Capitals, WPL 2026: Marizanne Kapp Six",
      "thumbnail": "https://www.wplt20.com/static-assets/waf-images/68/fe/6e/0/image-3d6a400d-62a3-4b7e-a8d5-797c35dc85a2.jpg",
      "video_id": "6387526714112",
      "duration": 17,
      "published_iso": "2026-01-10T16:24:26",
      "url": "https://crickettv.site/wpl/6387526714112.html"
    },
    {
      "title": "Flying Kamalini! A terrific one-handed blinder",
      "thumbnail": "https://www.wplt20.com/static-assets/waf-images/b7/83/5b/0/image-82bce28b-4e95-4f7a-803e-bc0c3f1c4320.jpg",
      "video_id": "6387527574112",
      "duration": 86,
      "published_iso": "2026-01-10T16:20:06",
      "url": "https://crickettv.site/wpl/6387527574112.html"
    },
    {
      "title": "Wicket: Match 3, Mumbai Indians vs Delhi Capitals, WPL 2026: Laura Wolvaardt Wicket",
      "thumbnail": "https://www.wplt20.com/static-assets/waf-images/83/87/aa/0/image-abc195f8-9cf9-4f01-8605-669c86f93eae.jpg",
      "video_id": "6387526296112",
      "duration": 25,
      "published_iso": "2026-01-10T16:16:32",
      "url": "https://crickettv.site/wpl/6387526296112.html"
    },
    {
      "title": "Wicket: Match 3, Mumbai Indians vs Delhi Capitals, WPL 2026: Jemimah Rodrigues Wicket",
      "thumbnail": "https://www.wplt20.com/static-assets/waf-images/df/2e/5e/0/image-dcdf568d-c001-4ec2-9bd6-4f50a75f8587.jpg",
      "video_id": "6387527759112",
      "duration": 24,
      "published_iso": "2026-01-10T16:16:32",
      "url": "https://crickettv.site/wpl/6387527759112.html"
    },
    {
      "title": "Wicket: Match 3, Mumbai Indians vs Delhi Capitals, WPL 2026: Shafali Verma Wicket",
      "thumbnail": "https://www.wplt20.com/static-assets/waf-images/1f/cb/6c/0/wmaOtKW12J.jpg",
      "video_id": "6387526907112",
      "duration": 29,
      "published_iso": "2026-01-10T16:16:00",
      "url": "https://crickettv.site/wpl/6387526907112.html"
    },
    {
      "title": "4 x 4! Harmanpreet Kaur's fiery finish",
      "thumbnail": "https://www.wplt20.com/static-assets/waf-images/cc/f0/ac/0/image-26211c6d-898f-4bd7-a540-dc17c16a6597.jpg",
      "video_id": "6387526099112",
      "duration": 129,
      "published_iso": "2026-01-10T15:41:16",
      "url": "https://crickettv.site/wpl/6387526099112.html"
    },
    {
      "title": "Interview: Match 3, Mumbai Indians vs Delhi Capitals, WPL 2026: Nat Sciver-Brunt Interview",
      "thumbnail": "https://www.wplt20.com/static-assets/waf-images/4d/eb/f1/0/image-459b4af6-d5fc-42ce-9a9b-053eed371de1.jpg",
      "video_id": "6387526661112",
      "duration": 96,
      "published_iso": "2026-01-10T15:35:39",
      "url": "https://crickettv.site/wpl/6387526661112.html"
    },
    {
      "title": "Captain Harmanpreet Kaur's authoritative 74*(42)",
      "thumbnail": "https://www.wplt20.com/static-assets/waf-images/90/ab/ce/0/image-42f62957-7913-4a70-ab61-e613f5831687.jpg",
      "video_id": "6387525986112",
      "duration": 217,
      "published_iso": "2026-01-10T15:35:03",
      "url": "https://crickettv.site/wpl/6387525986112.html"
    },
    {
      "title": "Highlights: Match 3, Mumbai Indians vs Delhi Capitals, WPL 2026",
      "thumbnail": "https://www.wplt20.com/static-assets/waf-images/e1/87/55/0/image-86a0bbc2-3fd9-46ee-ab41-90029c5c125f.jpg",
      "video_id": "6387524212112",
      "duration": 724,
      "published_iso": "2026-01-10T15:32:25",
      "url": "https://crickettv.site/wpl/6387524212112.html"
    },
    {
      "title": "Wicket: Match 3, Mumbai Indians vs Delhi Capitals, WPL 2026: Nicola Carey Wicket",
      "thumbnail": "https://www.wplt20.com/static-assets/waf-images/d7/8e/23/0/image-1fa749c5-6ba4-4947-9299-0ef4f82c5d69.jpg",
      "video_id": "6387525480112",
      "duration": 28,
      "published_iso": "2026-01-10T15:29:17",
      "url": "https://crickettv.site/wpl/6387525480112.html"
    },
    {
      "title": "Six: Match 3, Mumbai Indians vs Delhi Capitals, WPL 2026: Harmanpreet Kaur Six",
      "thumbnail": "https://www.wplt20.com/static-assets/waf-images/ed/1b/59/0/image-662f9761-2440-4f12-aaeb-d54530de8868.jpg",
      "video_id": "6387525976112",
      "duration": 22,
      "published_iso": "2026-01-10T15:26:04",
      "url": "https://crickettv.site/wpl/6387525976112.html"
    },
    {
      "title": "Six: Match 3, Mumbai Indians vs Delhi Capitals, WPL 2026: Harmanpreet Kaur Six",
      "thumbnail": "https://www.wplt20.com/static-assets/waf-images/b2/a2/04/0/image-94ecfbb4-b479-4dea-a9e3-6880bec5686f.jpg",
      "video_id": "6387523505112",
      "duration": 27,
      "published_iso": "2026-01-10T15:23:02",
      "url": "https://crickettv.site/wpl/6387523505112.html"
    },
    {
      "title": "Eventful ball: Catch taken but not-out!",
      "thumbnail": "https://www.wplt20.com/static-assets/waf-images/66/cd/ab/0/image-4fb66c11-3639-4c52-bfa0-6a3398b07c77.jpg",
      "video_id": "6387525384112",
      "duration": 61,
      "published_iso": "2026-01-10T15:22:52",
      "url": "https://crickettv.site/wpl/6387525384112.html"
    },
    {
      "title": "Smart cricket: Batter steps out. Bowler spots it",
      "thumbnail": "https://www.wplt20.com/static-assets/waf-images/10/5b/c5/0/image-055a0d33-07a0-44ed-bf4a-8f788d04677a.jpg",
      "video_id": "6387525159112",
      "duration": 23,
      "published_iso": "2026-01-10T15:11:33",
      "url": "https://crickettv.site/wpl/6387525159112.html"
    },
    {
      "title": "6,4! Captain Harmanpreet Kaur shows intent early on",
      "thumbnail": "https://www.wplt20.com/static-assets/waf-images/dd/53/3c/0/image-57ed3dcb-53e9-414e-aeac-cac06765dbc8.jpg",
      "video_id": "6387524186112",
      "duration": 66,
      "published_iso": "2026-01-10T15:07:12",
      "url": "https://crickettv.site/wpl/6387524186112.html"
    },
    {
      "title": "Wicket: Match 3, Mumbai Indians vs Delhi Capitals, WPL 2026: Nat Sciver-Brunt Wicket",
      "thumbnail": "https://www.wplt20.com/static-assets/waf-images/48/4d/68/0/image-fa05c379-270c-4e5d-ab5e-c1f927890071.jpg",
      "video_id": "6387524472112",
      "duration": 23,
      "published_iso": "2026-01-10T15:06:47",
      "url": "https://crickettv.site/wpl/6387524472112.html"
    },
    {
      "title": "Classy Nat Sciver-Brunt's maiden FIFTY of TATAWPL 2026",
      "thumbnail": "https://www.wplt20.com/static-assets/waf-images/8f/b9/9b/0/image-2110f093-9b6e-4691-b7ea-2fcdc4b3a047.jpg",
      "video_id": "6387525552112",
      "duration": 205,
      "published_iso": "2026-01-10T15:01:58",
      "url": "https://crickettv.site/wpl/6387525552112.html"
    },
    {
      "title": "Six: Match 3, Mumbai Indians vs Delhi Capitals, WPL 2026: Harmanpreet Kaur Six",
      "thumbnail": "https://www.wplt20.com/static-assets/waf-images/7e/4f/cc/0/image-46c3a833-0cdc-41c0-89f3-78dcc18c2e2e.jpg",
      "video_id": "6387525067112",
      "duration": 17,
      "published_iso": "2026-01-10T14:59:55",
      "url": "https://crickettv.site/wpl/6387525067112.html"
    },
    {
      "title": "Battle of youngsters! Nandini Sharma vs G.Kamalini",
      "thumbnail": "https://www.wplt20.com/static-assets/waf-images/16/bc/ab/0/EwUFIpSG3h.jpg",
      "video_id": "6387523583112",
      "duration": 100,
      "published_iso": "2026-01-10T14:54:00",
      "url": "https://crickettv.site/wpl/6387523583112.html"
    },
    {
      "title": "WOW! Diving Lizelle Lee pulls off 2 stunners",
      "thumbnail": "https://www.wplt20.com/static-assets/waf-images/3b/52/ef/0/KxbgnJgplX.jpg",
      "video_id": "6387525052112",
      "duration": 113,
      "published_iso": "2026-01-10T14:44:00",
      "url": "https://crickettv.site/wpl/6387525052112.html"
    },
    {
      "title": "Wicket: Match 3, Mumbai Indians vs Delhi Capitals, WPL 2026: G. Kamalini Wicket",
      "thumbnail": "https://www.wplt20.com/static-assets/waf-images/cc/c6/16/0/image-f3604e24-f954-4846-9e33-1a425a337cb2.jpg",
      "video_id": "6387525534112",
      "duration": 26,
      "published_iso": "2026-01-10T14:33:26",
      "url": "https://crickettv.site/wpl/6387525534112.html"
    },
    {
      "title": "It is great to win a close game: Michael Klinger",
      "thumbnail": "https://www.wplt20.com/static-assets/waf-images/a9/2a/97/0/image-c972ee7f-85a0-4898-b5f5-3fb1c3e49529.jpg",
      "video_id": "6387524356112",
      "duration": 383,
      "published_iso": "2026-01-10T14:28:19",
      "url": "https://crickettv.site/wpl/6387524356112.html"
    },
    {
      "title": "On The Mic: Match 3, Mumbai Indians vs Delhi Capitals, WPL 2026: Niki Prasad",
      "thumbnail": "https://www.wplt20.com/static-assets/waf-images/17/b7/2e/0/image-6b6fd8aa-65b4-4773-a7b9-05078b660864.jpg",
      "video_id": "6387523457112",
      "duration": 228,
      "published_iso": "2026-01-10T14:19:53",
      "url": "https://crickettv.site/wpl/6387523457112.html"
    },
    {
      "title": "We have a lot of versatility in our batting order: Phoebe Litchfield",
      "thumbnail": "https://www.wplt20.com/static-assets/waf-images/63/91/32/0/image-d339eaef-7dc7-4f28-832e-d6bc19dcf22e.jpg",
      "video_id": "6387523554112",
      "duration": 268,
      "published_iso": "2026-01-10T14:08:53",
      "url": "https://crickettv.site/wpl/6387523554112.html"
    },
    {
      "title": "Toss: Match 3, Mumbai Indians vs Delhi Capitals, WPL 2026",
      "thumbnail": "https://www.wplt20.com/static-assets/waf-images/ad/78/3a/0/image-295efbb8-a71b-4272-8862-e7f7aa116d8b.jpg",
      "video_id": "6387522565112",
      "duration": 205,
      "published_iso": "2026-01-10T13:36:41",
      "url": "https://crickettv.site/wpl/6387522565112.html"
    },
    {
      "title": "TATA WPL Green Dot Balls of the Match: Match 2, UP Warriorz vs Gujarat Giants, WPL 2026: Renuka Singh",
      "thumbnail": "https://www.wplt20.com/static-assets/waf-images/dd/f7/b7/0/image-314c9f4a-1492-4356-8738-a865eb92e99f.jpg",
      "video_id": "6387522663112",
      "duration": 24,
      "published_iso": "2026-01-10T13:19:00",
      "url": "https://crickettv.site/wpl/6387522663112.html"
    },
    {
      "title": "Player of the Match: Match 2, UP Warriorz vs Gujarat Giants, WPL 2026: Georgia Wareham",
      "thumbnail": "https://www.wplt20.com/static-assets/waf-images/63/a0/9a/0/image-187aa8e9-b5a3-4dd5-947f-507c875c5eb3.jpg",
      "video_id": "6387522664112",
      "duration": 90,
      "published_iso": "2026-01-10T13:19:00",
      "url": "https://crickettv.site/wpl/6387522664112.html"
    },
    {
      "title": "Kingfisher Good Times Sixes of the Match: Match 2, UP Warriorz vs Gujarat Giants, WPL 2026: Phoebe Litchfield",
      "thumbnail": "https://www.wplt20.com/static-assets/waf-images/46/50/dd/0/image-0d3d7460-52d4-42c8-96dd-37c88965eece.jpg",
      "video_id": "6387523819112",
      "duration": 22,
      "published_iso": "2026-01-10T13:19:00",
      "url": "https://crickettv.site/wpl/6387523819112.html"
    },
    {
      "title": "Sierra Super Striker of the Match: Match 2, UP Warriorz vs Gujarat Giants, WPL 2026: Georgia Wareham",
      "thumbnail": "https://www.wplt20.com/static-assets/waf-images/1b/ee/7e/0/image-3c1b9fc3-549c-4c30-a782-8a25d544b0df.jpg",
      "video_id": "6387521883112",
      "duration": 24,
      "published_iso": "2026-01-10T13:19:00",
      "url": "https://crickettv.site/wpl/6387521883112.html"
    },
    {
      "title": "ChatGPT Match IQ Award: Match 2, UP Warriorz vs Gujarat Giants, WPL 2026: Bharti Fulmali",
      "thumbnail": "https://www.wplt20.com/static-assets/waf-images/40/1e/6b/0/image-e622d8cf-0377-441b-a2d3-90d547780485.jpg",
      "video_id": "6387523818112",
      "duration": 23,
      "published_iso": "2026-01-10T13:19:00",
      "url": "https://crickettv.site/wpl/6387523818112.html"
    },
    {
      "title": "Herbalife Active Catch of the Match: Match 2, UP Warriorz vs Gujarat Giants, WPL 2026: Bharti Fulmali",
      "thumbnail": "https://www.wplt20.com/static-assets/waf-images/68/65/03/0/image-1f0f9187-0630-4f1f-a688-784688280177.jpg",
      "video_id": "6387522066112",
      "duration": 24,
      "published_iso": "2026-01-10T13:19:00",
      "url": "https://crickettv.site/wpl/6387522066112.html"
    },
    {
      "title": "Presentation: Match 2, UP Warriorz vs Gujarat Giants, WPL 2026",
      "thumbnail": "https://www.wplt20.com/static-assets/waf-images/29/24/3b/0/image-8b020b8e-88b0-42e4-b03a-facb52b79403.jpg",
      "video_id": "6387522247112",
      "duration": 402,
      "published_iso": "2026-01-10T13:14:54",
      "url": "https://crickettv.site/wpl/6387522247112.html"
    },
    {
      "title": "Super Sixes: Match 2, UP Warriorz vs Gujarat Giants, WPL 2026",
      "thumbnail": "https://www.wplt20.com/static-assets/waf-images/1d/4c/f4/0/yAjvgqvSbp.jpg",
      "video_id": "6387521480112",
      "duration": 409,
      "published_iso": "2026-01-10T13:06:00",
      "url": "https://crickettv.site/wpl/6387521480112.html"
    },
    {
      "title": "Post Match Interviews: Match 2, UP Warriorz vs Gujarat Giants, WPL 2026: Meg Lanning Interview",
      "thumbnail": "https://www.wplt20.com/static-assets/waf-images/93/8b/91/0/image-c7349c27-4456-4b76-bca6-e91b63fe6d99.jpg",
      "video_id": "6387523508112",
      "duration": 118,
      "published_iso": "2026-01-10T12:56:53",
      "url": "https://crickettv.site/wpl/6387523508112.html"
    },
    {
      "title": "Post Match Interviews: Match 2, UP Warriorz vs Gujarat Giants, WPL 2026: Renuka Singh Interview",
      "thumbnail": "https://www.wplt20.com/static-assets/waf-images/70/df/1a/0/image-649a70a8-3a1f-451e-ac47-790c5957d2d1.jpg",
      "video_id": "6387523507112",
      "duration": 70,
      "published_iso": "2026-01-10T12:56:52",
      "url": "https://crickettv.site/wpl/6387523507112.html"
    },
    {
      "title": "Six: Match 2, UP Warriorz vs Gujarat Giants, WPL 2026: Asha Sobhana Six",
      "thumbnail": "https://www.wplt20.com/static-assets/waf-images/c2/28/c0/0/Ru4eazz9bc.jpg",
      "video_id": "6387521751112",
      "duration": 18,
      "published_iso": "2026-01-10T12:56:00",
      "url": "https://crickettv.site/wpl/6387521751112.html"
    },
    {
      "title": "Phoebe Litchfield oozes class with 78(40) in the chase",
      "thumbnail": "https://www.wplt20.com/static-assets/waf-images/94/e6/f3/0/image-3393919a-0ba5-4270-a21a-5fa540997676.jpg",
      "video_id": "6387521646112",
      "duration": 271,
      "published_iso": "2026-01-10T12:51:54",
      "url": "https://crickettv.site/wpl/6387521646112.html"
    },
    {
      "title": "Six: Match 2, UP Warriorz vs Gujarat Giants, WPL 2026: Asha Sobhana Six",
      "thumbnail": "https://www.wplt20.com/static-assets/waf-images/a2/92/22/0/image-0338ab54-b95c-4a8f-a588-e2ec58acb681.jpg",
      "video_id": "6387522148112",
      "duration": 17,
      "published_iso": "2026-01-10T12:50:26",
      "url": "https://crickettv.site/wpl/6387522148112.html"
    },
    {
      "title": "Wicket: Match 2, UP Warriorz vs Gujarat Giants, WPL 2026: Deandra Dottin Wicket",
      "thumbnail": "https://www.wplt20.com/static-assets/waf-images/50/4c/1d/0/image-7601f18f-d77e-420b-9bc8-a6db2572da86.jpg",
      "video_id": "6387522827112",
      "duration": 20,
      "published_iso": "2026-01-10T12:50:26",
      "url": "https://crickettv.site/wpl/6387522827112.html"
    },
    {
      "title": "Wicket: Match 2, UP Warriorz vs Gujarat Giants, WPL 2026: Sophie Ecclestone Wicket",
      "thumbnail": "https://www.wplt20.com/static-assets/waf-images/39/dc/ca/0/ZBWT0aSZye.jpg",
      "video_id": "6387522342112",
      "duration": 19,
      "published_iso": "2026-01-10T12:50:00",
      "url": "https://crickettv.site/wpl/6387522342112.html"
    },
    {
      "title": "What a catch! Fulmali holds onto one with rapid reflexes",
      "thumbnail": "https://www.wplt20.com/static-assets/waf-images/97/f2/b4/0/image-f25d22c6-dd36-4b23-b5b9-58756beeaa7b.jpg",
      "video_id": "6387521644112",
      "duration": 43,
      "published_iso": "2026-01-10T12:48:21",
      "url": "https://crickettv.site/wpl/6387521644112.html"
    },
    {
      "title": "4, 6, Gone! Gayakwad wins the battle against Sehrawat",
      "thumbnail": "https://www.wplt20.com/static-assets/waf-images/4e/27/d3/0/image-fd7a453a-5f59-43bc-ab30-bf1c7a05b9e8.jpg",
      "video_id": "6387520678112",
      "duration": 60,
      "published_iso": "2026-01-10T12:43:13",
      "url": "https://crickettv.site/wpl/6387520678112.html"
    },
    {
      "title": "Wicket: Match 2, UP Warriorz vs Gujarat Giants, WPL 2026: Phoebe Litchfield Wicket",
      "thumbnail": "https://www.wplt20.com/static-assets/waf-images/78/3b/0a/0/image-9552f3e0-2597-46bf-b924-98ac6eca59f2.jpg",
      "video_id": "6387522032112",
      "duration": 27,
      "published_iso": "2026-01-10T12:40:15",
      "url": "https://crickettv.site/wpl/6387522032112.html"
    },
    {
      "title": "Shweta Sehrawat's stroke-filled cameo of 25(17)",
      "thumbnail": "https://www.wplt20.com/static-assets/waf-images/33/23/3a/0/image-6199d907-0162-4e16-9ef7-8f177086b6cd.jpg",
      "video_id": "6387522419112",
      "duration": 120,
      "published_iso": "2026-01-10T12:40:11",
      "url": "https://crickettv.site/wpl/6387522419112.html"
    },
    {
      "title": "Six: Match 2, UP Warriorz vs Gujarat Giants, WPL 2026: Deandra Dottin Six",
      "thumbnail": "https://www.wplt20.com/static-assets/waf-images/79/fe/82/0/image-b82f121f-71e5-457a-aed7-4c4b40b44d1c.jpg",
      "video_id": "6387522729112",
      "duration": 13,
      "published_iso": "2026-01-10T12:39:57",
      "url": "https://crickettv.site/wpl/6387522729112.html"
    },
    {
      "title": "Six: Match 2, UP Warriorz vs Gujarat Giants, WPL 2026: Shweta Sehrawat Six",
      "thumbnail": "https://www.wplt20.com/static-assets/waf-images/1e/c5/d0/0/image-f38e4ba8-78f3-4d66-9fd0-caa221d0dc06.jpg",
      "video_id": "6387521147112",
      "duration": 17,
      "published_iso": "2026-01-10T12:28:56",
      "url": "https://crickettv.site/wpl/6387521147112.html"
    },
    {
      "title": "4, 4, 4, 6! Litchfield-Sehrawat take on Gardner with success",
      "thumbnail": "https://www.wplt20.com/static-assets/waf-images/e9/0d/98/0/image-2e75c708-1c03-43d1-906e-aa6d9c516ed6.jpg",
      "video_id": "6387522133112",
      "duration": 101,
      "published_iso": "2026-01-10T12:24:55",
      "url": "https://crickettv.site/wpl/6387522133112.html"
    },
    {
      "title": "Six: Match 2, UP Warriorz vs Gujarat Giants, WPL 2026: Phoebe Litchfield Six",
      "thumbnail": "https://www.wplt20.com/static-assets/waf-images/28/eb/44/0/image-aa34865c-ffbc-4c06-9feb-c3b2b4c2fc8e.jpg",
      "video_id": "6387520559112",
      "duration": 17,
      "published_iso": "2026-01-10T12:23:44",
      "url": "https://crickettv.site/wpl/6387520559112.html"
    },
    {
      "title": "Six: Match 2, UP Warriorz vs Gujarat Giants, WPL 2026: Phoebe Litchfield Six",
      "thumbnail": "https://www.wplt20.com/static-assets/waf-images/4b/51/76/0/image-9082052b-2cbf-4e49-a984-0dfec5319a3a.jpg",
      "video_id": "6387522218112",
      "duration": 20,
      "published_iso": "2026-01-10T12:18:21",
      "url": "https://crickettv.site/wpl/6387522218112.html"
    },
    {
      "title": "Six: Match 2, UP Warriorz vs Gujarat Giants, WPL 2026: Shweta Sehrawat Six",
      "thumbnail": "https://www.wplt20.com/static-assets/waf-images/7e/4d/22/0/image-b0603a4c-80c3-42b2-aff9-c1a60870a7f2.jpg",
      "video_id": "6387521136112",
      "duration": 22,
      "published_iso": "2026-01-10T12:14:20",
      "url": "https://crickettv.site/wpl/6387521136112.html"
    },
    {
      "title": "Six: Match 2, UP Warriorz vs Gujarat Giants, WPL 2026: Shweta Sehrawat Six",
      "thumbnail": "https://www.wplt20.com/static-assets/waf-images/04/5d/d0/0/e7v3BfGZeO.jpg",
      "video_id": "6387520948112",
      "duration": 18,
      "published_iso": "2026-01-10T12:14:00",
      "url": "https://crickettv.site/wpl/6387520948112.html"
    },
    {
      "title": "Wicket: Match 2, UP Warriorz vs Gujarat Giants, WPL 2026: Deepti Sharma Wicket",
      "thumbnail": "https://www.wplt20.com/static-assets/waf-images/25/e9/39/0/image-cc27a846-c181-4386-b346-79b1c9d3c466.jpg",
      "video_id": "6387520745112",
      "duration": 24,
      "published_iso": "2026-01-10T12:13:54",
      "url": "https://crickettv.site/wpl/6387520745112.html"
    },
    {
      "title": "Twin strikes! Wareham gets Lanning, Harleen",
      "thumbnail": "https://www.wplt20.com/static-assets/waf-images/60/08/5c/0/image-5ed47e09-67dd-410c-ae62-a91d2f568e88.jpg",
      "video_id": "6387522510112",
      "duration": 114,
      "published_iso": "2026-01-10T12:13:20",
      "url": "https://crickettv.site/wpl/6387522510112.html"
    },
    {
      "title": "Wicket: Match 2, UP Warriorz vs Gujarat Giants, WPL 2026: Meg Lanning Wicket",
      "thumbnail": "https://www.wplt20.com/static-assets/waf-images/52/1b/8d/0/image-17caaec6-8c39-4975-9a7a-d99951895bb7.jpg",
      "video_id": "6387521130112",
      "duration": 29,
      "published_iso": "2026-01-10T12:02:38",
      "url": "https://crickettv.site/wpl/6387521130112.html"
    },
    {
      "title": "Wicket: Match 2, UP Warriorz vs Gujarat Giants, WPL 2026: Harleen Deol Wicket",
      "thumbnail": "https://www.wplt20.com/static-assets/waf-images/59/51/6d/0/CMwdfKsVM6.jpg",
      "video_id": "6387522703112",
      "duration": 24,
      "published_iso": "2026-01-10T12:02:00",
      "url": "https://crickettv.site/wpl/6387522703112.html"
    },
    {
      "title": "Sublime! Litchfield on fire with 4, 4, 6",
      "thumbnail": "https://www.wplt20.com/static-assets/waf-images/14/96/ee/0/image-8325b89a-702b-46ab-860d-111870dcd413.jpg",
      "video_id": "6387521216112",
      "duration": 81,
      "published_iso": "2026-01-10T11:57:18",
      "url": "https://crickettv.site/wpl/6387521216112.html"
    },
    {
      "title": "Six: Match 2, UP Warriorz vs Gujarat Giants, WPL 2026: Phoebe Litchfield Six",
      "thumbnail": "https://www.wplt20.com/static-assets/waf-images/67/df/50/0/image-f5e4211c-2055-4d3b-937c-5ba3cf0f67ff.jpg",
      "video_id": "6387521332112",
      "duration": 21,
      "published_iso": "2026-01-10T11:52:45",
      "url": "https://crickettv.site/wpl/6387521332112.html"
    },
    {
      "title": "Six: Match 2, UP Warriorz vs Gujarat Giants, WPL 2026: Phoebe Litchfield Six",
      "thumbnail": "https://www.wplt20.com/static-assets/waf-images/4c/b5/26/0/image-c95de7b3-46b8-4962-b417-590930477471.jpg",
      "video_id": "6387522110112",
      "duration": 18,
      "published_iso": "2026-01-10T11:46:53",
      "url": "https://crickettv.site/wpl/6387522110112.html"
    },
    {
      "title": "On the charge! Litchfield-Lanning go big in the chase",
      "thumbnail": "https://www.wplt20.com/static-assets/waf-images/bc/3b/e7/0/image-1ea6e75f-718b-4a7f-8611-763af9dd4acc.jpg",
      "video_id": "6387521918112",
      "duration": 95,
      "published_iso": "2026-01-10T11:42:45",
      "url": "https://crickettv.site/wpl/6387521918112.html"
    },
    {
      "title": "Wicket: Match 2, UP Warriorz vs Gujarat Giants, WPL 2026: Kiran Navgire Wicket",
      "thumbnail": "https://www.wplt20.com/static-assets/waf-images/04/a1/d2/0/image-c4177338-7f83-4056-a56b-d7b0f8160fe9.jpg",
      "video_id": "6387520342112",
      "duration": 24,
      "published_iso": "2026-01-10T11:24:18",
      "url": "https://crickettv.site/wpl/6387520342112.html"
    },
    {
      "title": "Highlights: Match 2, UP Warriorz vs Gujarat Giants, WPL 2026",
      "thumbnail": "https://www.wplt20.com/static-assets/waf-images/d6/ee/5b/0/image-8ff652ff-2f46-445b-8ea9-314487057ed5.jpg",
      "video_id": "6387521898112",
      "duration": 685,
      "published_iso": "2026-01-10T11:16:41",
      "url": "https://crickettv.site/wpl/6387521898112.html"
    },
    {
      "title": "Interview: Match 2, UP Warriorz vs Gujarat Giants, WPL 2026: Anushka Sharma Interview",
      "thumbnail": "https://www.wplt20.com/static-assets/waf-images/e3/0f/18/0/image-8d9d348c-bdcf-417d-b3ad-9059fbb9d505.jpg",
      "video_id": "6387520133112",
      "duration": 108,
      "published_iso": "2026-01-10T11:11:55",
      "url": "https://crickettv.site/wpl/6387520133112.html"
    },
    {
      "title": "5 sixes in 2 overs! Wareham and Fulmali's late flourish",
      "thumbnail": "https://www.wplt20.com/static-assets/waf-images/f0/15/e8/0/image-35ec3506-d020-4f9c-90aa-b935299b2c2b.jpg",
      "video_id": "6387521192112",
      "duration": 172,
      "published_iso": "2026-01-10T11:08:38",
      "url": "https://crickettv.site/wpl/6387521192112.html"
    },
    {
      "title": "Sophie Devine delights with fiery 38(20)",
      "thumbnail": "https://www.wplt20.com/static-assets/waf-images/69/b2/a6/0/image-7a9091cc-301d-4d94-acc4-c7ed7446aba3.jpg",
      "video_id": "6387519760112",
      "duration": 68,
      "published_iso": "2026-01-10T11:04:22",
      "url": "https://crickettv.site/wpl/6387519760112.html"
    },
    {
      "title": "Six: Match 2, UP Warriorz vs Gujarat Giants, WPL 2026: Bharti Fulmali Six",
      "thumbnail": "https://www.wplt20.com/static-assets/waf-images/fc/41/50/0/yo3C5pynKS.jpg",
      "video_id": "6387520206112",
      "duration": 16,
      "published_iso": "2026-01-10T11:03:00",
      "url": "https://crickettv.site/wpl/6387520206112.html"
    },
    {
      "title": "Six: Match 2, UP Warriorz vs Gujarat Giants, WPL 2026: Bharti Fulmali Six",
      "thumbnail": "https://www.wplt20.com/static-assets/waf-images/c2/fd/a9/0/image-32ff4553-343c-44ae-b85a-22b88f082534.jpg",
      "video_id": "6387521592112",
      "duration": 16,
      "published_iso": "2026-01-10T11:01:41",
      "url": "https://crickettv.site/wpl/6387521592112.html"
    },
    {
      "title": "Six: Match 2, UP Warriorz vs Gujarat Giants, WPL 2026: Georgia Wareham Six",
      "thumbnail": "https://www.wplt20.com/static-assets/waf-images/0a/86/68/0/2AXeqEhtvg.jpg",
      "video_id": "6387521087112",
      "duration": 27,
      "published_iso": "2026-01-10T11:01:00",
      "url": "https://crickettv.site/wpl/6387521087112.html"
    },
    {
      "title": "Six: Match 2, UP Warriorz vs Gujarat Giants, WPL 2026: Georgia Wareham Six",
      "thumbnail": "https://www.wplt20.com/static-assets/waf-images/81/bb/c3/0/image-7ce2c1e7-b239-475a-935a-0976abefe2a8.jpg",
      "video_id": "6387520991112",
      "duration": 16,
      "published_iso": "2026-01-10T10:55:34",
      "url": "https://crickettv.site/wpl/6387520991112.html"
    },
    {
      "title": "Six: Match 2, UP Warriorz vs Gujarat Giants, WPL 2026: Georgia Wareham Six",
      "thumbnail": "https://www.wplt20.com/static-assets/waf-images/fc/dd/4a/0/image-2e1dd5cf-0ea3-4235-9633-77360b8786af.jpg",
      "video_id": "6387519253112",
      "duration": 15,
      "published_iso": "2026-01-10T10:55:34",
      "url": "https://crickettv.site/wpl/6387519253112.html"
    },
    {
      "title": "GG Captain Ashleigh Gardner leads the way with 65(41)",
      "thumbnail": "https://www.wplt20.com/static-assets/waf-images/59/0a/3d/0/image-35c3511e-d22f-46b1-9128-d5d62388dfd6.jpg",
      "video_id": "6387520896112",
      "duration": 184,
      "published_iso": "2026-01-10T10:55:29",
      "url": "https://crickettv.site/wpl/6387520896112.html"
    },
    {
      "title": "Wicket: Match 2, UP Warriorz vs Gujarat Giants, WPL 2026: Ashleigh Gardner Wicket",
      "thumbnail": "https://www.wplt20.com/static-assets/waf-images/3d/31/ce/0/image-760f0a02-d5b3-4d3f-b826-ce55325ac164.jpg",
      "video_id": "6387520509112",
      "duration": 26,
      "published_iso": "2026-01-10T10:51:42",
      "url": "https://crickettv.site/wpl/6387520509112.html"
    },
    {
      "title": "Anushka Sharma shines on TATA WPL debut with stylish 44(30)",
      "thumbnail": "https://www.wplt20.com/static-assets/waf-images/f5/0c/41/0/image-97dda007-87d7-4f3a-b466-ef57abf2c691.jpg",
      "video_id": "6387520697112",
      "duration": 118,
      "published_iso": "2026-01-10T10:47:05",
      "url": "https://crickettv.site/wpl/6387520697112.html"
    },
    {
      "title": "Smashed by Ash! GG captain Gardner dealing in maximums",
      "thumbnail": "https://www.wplt20.com/static-assets/waf-images/07/9d/56/0/image-f6454af2-966f-4186-b177-aef637e299b2.jpg",
      "video_id": "6387518839112",
      "duration": 87,
      "published_iso": "2026-01-10T10:45:26",
      "url": "https://crickettv.site/wpl/6387518839112.html"
    },
    {
      "title": "Six: Match 2, UP Warriorz vs Gujarat Giants, WPL 2026: Ashleigh Gardner Six",
      "thumbnail": "https://www.wplt20.com/static-assets/waf-images/cb/62/bb/0/image-d3ddf4fd-f057-4da9-b253-afc330d1d823.jpg",
      "video_id": "6387520893112",
      "duration": 20,
      "published_iso": "2026-01-10T10:44:05",
      "url": "https://crickettv.site/wpl/6387520893112.html"
    },
    {
      "title": "Six: Match 2, UP Warriorz vs Gujarat Giants, WPL 2026: Ashleigh Gardner Six",
      "thumbnail": "https://www.wplt20.com/static-assets/waf-images/a9/47/58/0/image-f3a808e0-6eaa-4e41-b4dc-5a517cc86d2e.jpg",
      "video_id": "6387520198112",
      "duration": 19,
      "published_iso": "2026-01-10T10:44:05",
      "url": "https://crickettv.site/wpl/6387520198112.html"
    },
    {
      "title": "Six: Match 2, UP Warriorz vs Gujarat Giants, WPL 2026: Ashleigh Gardner Six",
      "thumbnail": "https://www.wplt20.com/static-assets/waf-images/35/c3/5f/0/PMhmAGD3GP.jpg",
      "video_id": "6387520695112",
      "duration": 22,
      "published_iso": "2026-01-10T10:44:00",
      "url": "https://crickettv.site/wpl/6387520695112.html"
    },
    {
      "title": "4 x 4: Anushka-Gardner's big over vs Kranti",
      "thumbnail": "https://www.wplt20.com/static-assets/waf-images/6f/8f/31/0/image-97e4b834-ab1e-40aa-a1e6-8cfe2658dd0d.jpg",
      "video_id": "6387520197112",
      "duration": 121,
      "published_iso": "2026-01-10T10:41:16",
      "url": "https://crickettv.site/wpl/6387520197112.html"
    },
    {
      "title": "Bowled x 2: Sophie Ecclestone with two BIG wickets",
      "thumbnail": "https://www.wplt20.com/static-assets/waf-images/10/fc/6e/0/image-9a7267c4-2e9b-46bb-a3bd-c6425fc61539.jpg",
      "video_id": "6387519041112",
      "duration": 70,
      "published_iso": "2026-01-10T10:34:16",
      "url": "https://crickettv.site/wpl/6387519041112.html"
    },
    {
      "title": " Fours galore! Anushka Sharma's fine start on TATA WPL debut!",
      "thumbnail": "https://www.wplt20.com/static-assets/waf-images/b8/43/9a/0/image-fde63101-5de8-49db-9ff1-613ab7944e43.jpg",
      "video_id": "6387520401112",
      "duration": 89,
      "published_iso": "2026-01-10T10:30:31",
      "url": "https://crickettv.site/wpl/6387520401112.html"
    },
    {
      "title": "Wicket: Match 2, UP Warriorz vs Gujarat Giants, WPL 2026: Beth Mooney Wicket",
      "thumbnail": "https://www.wplt20.com/static-assets/waf-images/44/7d/4b/0/image-51fa603d-efc1-43dc-8a11-dcbb3b969eca.jpg",
      "video_id": "6387519201112",
      "duration": 20,
      "published_iso": "2026-01-10T09:57:22",
      "url": "https://crickettv.site/wpl/6387519201112.html"
    },
    {
      "title": "Smashed and again! Sophie Devine gets GG going",
      "thumbnail": "https://www.wplt20.com/static-assets/waf-images/11/7d/c0/0/image-a3e1d3db-655d-43aa-97d9-faddcb27d6ca.jpg",
      "video_id": "6387519512112",
      "duration": 57,
      "published_iso": "2026-01-10T09:51:40",
      "url": "https://crickettv.site/wpl/6387519512112.html"
    }
  ]
}