{
  "site": "https://crickettv.site",
  "updated_at": "2026-01-10T09:06:32.674464Z",
  "count": 11,
  "pages": [
    {
      "id": "indu19-vs-southafricau19",
      "title": "India U19 vs South Africa U19 Live Streaming",
      "url": "https://crickettv.site/home/indu19-vs-southafricau19/",
      "description": "India U19 take on South Africa U19 in an exciting youth international fixture."
    },
    {
      "id": "england-vs-australia",
      "title": "Australia vs England Live",
      "url": "https://crickettv.site/home/england-vs-australia/",
      "description": "Ashes Day 4 sees Australia in a dominant position after strong batting performances."
    },
    {
      "id": "perth-vs-melbourne",
      "title": "Perth vs Melbourne Live Streaming ",
      "url": "https://crickettv.site/home/perth-vs-melbourne/",
      "description": "The Perth Scorchers vs Melbourne Renegades match fits perfectly into a crucial phase of the tournament. The Scorchers have a good chance as they have gained some momentum in the previous games, and another victory will enhance their chances of making it to the playoffs.\n\nFor the , the stakes are even higher, as they are now in a must-win position after a run of close defeats pushed them towards the lower end of the table. To stay alive in the competition, they need consistency, calm decision-making, and the ability to"
    },
    {
      "id": "pakistan-vs-srilanka",
      "title": "Pakistan Vs Srilanka Live",
      "url": "https://crickettv.site/home/pakistan-vs-srilanka/",
      "description": "The much-anticipated T20I series between Sri Lanka and Pakistan kicks off today, at the Rangiri Dambulla International Stadium. Both teams are eager to fine-tune their squads ahead of the T20 World Cup in February, with this series offering crucial preparation for the global event."
    },
    {
      "id": "durban-vs-pretoria",
      "title": "Durban Vs Pretoria",
      "url": "https://crickettv.site/home/durban-vs-pretoria/",
      "description": "Durban Super Giants are set to lock horns with Pretoria Capitals in Match 16 of the SA20 2025-26 at Kingsmead in Durban, on Wednesday, January 07."
    },
    {
      "id": "star-vs-sixers",
      "title": "Melbourne Star Vs Sixers ",
      "url": "https://crickettv.site/home/star-vs-sixers/",
      "description": "Todays Big Bash League match between Melbourne Stars and Sydney Sixers is a crucial encounter as both teams fight to strengthen their position in the points table. Melbourne Stars will look to use home conditions and aggressive batting to dominate early, while Sydney Sixers rely on experience, composure, and a well-balanced squad. With quality players on both sides, this clash promises intense competition and high entertainment value for fans."
    },
    {
      "id": "hobart-vs-adelaide",
      "title": "Hobart Hurricane Vs Adelaide Strikers ",
      "url": "https://crickettv.site/home/hobart-vs-adelaide/",
      "description": "In the 28th game of the BBL 2025-26, Hobart Hurricanes (HUR) are set to face Adelaide Strikers (STR). The Hobart Hurricanes are performing well in this season so far, as they won five out of the seven games. They also won the previous match against the Sydney Thunder by 6 wickets. Tim Ward performed well for them in the last game and scored 90 runs off 49 balls, while Will Prestwidge took two wickets in the bowling department. "
    },
    {
      "id": "rcb-vs-mi",
      "title": "RCB Vs MI - Live",
      "url": "https://crickettv.site/home/rcb-vs-mi/",
      "description": "All roads lead to Navi Mumbai as RCB gear up for the WPL 2026 season opener that kickstarts tomorrow. The fourth edition of the tournament will be bigger than anything you have ever seen and the Royal Challengers are all set to rumble.\n\nWith Smriti Mandhana returning to the helm of affairs, this will be her fourth season as the captain of RCB. However, this year, she will have a flurry of fresh faces alongside her to take the challenge head on. From Georgia Voll to Grace Harris, Linsey Smith to Radha Yadav, RCB did sign a handful of experienced campaigners in the side to bolster their ranks.\n\nThe defending champions, Mumbai Indians, will be coming in with some intense firepower. For RCB, the key element to get into their rhythm will be to pick the right combination.\n\nWith star power in Smriti Mandhana, Georgia Voll, Grace Harris, Nadine de Klerk, Richa Ghosh, Lauren Bell and Linsey Smith leading the charge, they will have to slot the right blend of players in order to get the perfect XI in place. Apart from that, the presence of experience will be crucial for the Royal Challengers as they hope to launch another title.\n\n\nNat Sciver-Brunt could be the key batter in this clash. She was named Player of the Tournament in WPL 2025 after producing a series of dominant performances, scoring freely all around the ground and consistently troubling opposition bowlers. With 1,027 runs in 29 WPL matches so far, Sciver-Brunt remains one of the most reliable and destructive batters in the competition. She will be eager to carry her rich vein of form into the opening game of the new season and set the tone for Mumbai Indians Women.\n\nLeft-arm spinner Radha Yadav could be the key bowler in this clash. After spending the previous three seasons with Delhi Capitals Women, she begins a new chapter with her new team and will be eager to make an immediate impact. Radha has taken 14 wickets in the WPL so far while maintaining an economy rate below eight. Her role in the middle overs will be crucial, as her ability to control the run flow and pick up timely wickets could prove decisive in the contest."
    },
    {
      "id": "joburag-vs-paarl",
      "title": "Joubarg Vs Paarl",
      "url": "https://crickettv.site/home/joburag-vs-paarl/",
      "description": "Durban Super Giants are set to lock horns with Pretoria Capitals in Match 16 of the SA20 2025-26 at Kingsmead in Durban, on Wednesday, January 07."
    },
    {
      "id": "heat-vs-thunder",
      "title": "Sydney Thunder Vs Brisbane Heat",
      "url": "https://crickettv.site/home/heat-vs-thunder/",
      "description": "In the 28th game of the BBL 2025-26, Hobart Hurricanes (HUR) are set to face Adelaide Strikers (STR). The Hobart Hurricanes are performing well in this season so far, as they won five out of the seven games. They also won the previous match against the Sydney Thunder by 6 wickets. Tim Ward performed well for them in the last game and scored 90 runs off 49 balls, while Will Prestwidge took two wickets in the bowling department. "
    },
    {
      "id": "warriors-vs-gaints",
      "title": "Warriors Vs Gaints",
      "url": "https://crickettv.site/home/warriors-vs-gaints/",
      "description": "Gujarat Giants have looked nowhere close to being real contenders for a title in the previous three seasons. However, the revamped unit has made quite a few interesting additions for the 2026 edition. Ashleigh Gardner has been appointed as the full-time skipper of the side, and she will be hoping to prove her worth by leading the side by example.\n\n\n\nUP Warriorz, on the other hand, have welcomed an experienced captain to their set-up in the form of Meg Lanning. She has the habit of taking her side to the finals, and is also a proven leader. She captained Delhi Capitals previously in all three preceding seasons, where they reached the summit clash every time. Hence, she will be hoping to build a similar habit with her new side, especially with someone like Deepti Sharma alongside."
    }
  ]
}